post_id,text,subreddit,category,created_utc,score,metadata_1,metadata_2,metadata_3,metadata_4,word_count,text_length,engagement
d024tk5,um     lmao,pokemon,gaming,2016-02-16 18:05:48+00:00,1.0,0.0,54,60,0.0,2,11,115.0
d01f0y3,that pun alone is front page worthy,pokemon,gaming,2016-02-16 02:20:34+00:00,1.0,0.0,1,322,0.0,7,35,324.0
d02e3n5,lunatone,pokemon,gaming,2016-02-16 21:32:43+00:00,1.0,0.0,208,1207,0.0,1,8,1416.0
d00hc67,fuuuuck that s a good pun,pokemon,gaming,2016-02-15 08:44:19+00:00,2.0,0.0,8170,66349,0.0,6,25,74521.0
d00rhx2,garchomp personally  i d make it black and blue  like what they did with tron  do nt lie  that d be fucking awesome,pokemon,gaming,2016-02-15 16:31:26+00:00,12.0,0.0,202,3839,0.0,23,115,4053.0
d0181i0,i m planning on getting pokemon redblue from the 3ds virtual console which starter is the best in gen 1,pokemon,gaming,2016-02-15 23:15:31+00:00,2.0,0.0,14144,14655,0.0,20,103,28801.0
45wdjt,have any questions about pok  mon that you d like answered    if they re about the anime  the games  the manga  or  anything  pok  mon related  feel free to ask here  no matter how silly your questions might seem         a few useful sources for reliable pok  monrelated information     serebii   http  wwwserebiinetindex2shtml   bulbapedia   http  bulbapediabulbagardennetwikimain_page   smogon   http  wwwsmogoncom  also remember to check  the rpokemon faq   http  wwwredditcomrpokemonwikifaq  and our  related subreddits list   http  wwwredditcomrpokemonwikirelated_subreddits          if you want to answer questions posed by other members of the community  remember to sort the comments by new    if you use res  please also consider subscribing to this thread so you know when new questions are asked,pokemon,gaming,2016-02-15 13:05:53+00:00,15.0,0.0,1476,278459,1.0,112,806,279950.0
d024hbz,i truely love this cosplay  it s amazing and you did a great job doing my favorite pokemon,pokemon,gaming,2016-02-16 17:58:06+00:00,5.0,0.0,4173,836,0.0,18,90,5014.0
d01gvju,if you  like me  have endured watching all of your favorite pokemon perish with each passing round and can no longer find a pokemon worth standing behind  i plead my case to you unite with me in reviving a pokemon who can represent the under appreciated who time after time must watch the likes of lucario and greninja win out we all know his name  but he can only be rescued if we all place our support towards him who is he you may ask  he is shinx and i encourage you to place your revival cast for him so that he reemerge and conquer this challenge    tl  dr  bring back shinx,pokemon,gaming,2016-02-16 03:09:04+00:00,2.0,0.0,1,333,0.0,112,580,336.0
d00p4xi,skuntank  always felt like they should ve made the shiny black like a real skunk the pink honestly does nt look  terrible   but it just could ve been so much better also snot green ursaring is disgusting,pokemon,gaming,2016-02-15 15:27:36+00:00,8.0,0.0,1,6944,0.0,37,203,6953.0
d02ujij,i do nt think it will have anything to do with pok  mon go besides some kinda eshop stuff if they can bring something like that to mobile,pokemon,gaming,2016-02-17 04:35:10+00:00,1.0,0.0,19,120,0.0,28,137,140.0
d02cqfq,i never left,pokemon,gaming,2016-02-16 21:02:10+00:00,2.0,0.0,4549,1612,0.0,3,12,6163.0
45yxev,hey everyone  i am trying to plan my next lets play and was wondering what everyone thinks is the best pokemon gamerom hack  this could include story  difficulty  or even if you just want to see something new,pokemon,gaming,2016-02-15 21:44:07+00:00,8.0,0.0,1,0,0.0,38,208,9.0
d02u35d,had to look up the cipher wheel quick  i ve seen a good chunk of the show but forgotten what exactly the symbols were  crescent  lunatone  question mark  unown  haha jk that would be a horrible pick  ice bag  avalugg eyeball star  volcarona or solrock  llama  arceus  good luck with that team anyways this does nt look like an easy one to make the ones you picked already look pretty good for a theme team,pokemon,gaming,2016-02-17 04:21:39+00:00,1.0,0.0,1,581,0.0,75,405,583.0
d00xtrs,the carpet makes it look like you re sparkling,pokemon,gaming,2016-02-15 19:05:32+00:00,1.0,0.0,0,0,,9,46,1.0
d01o95n,oh boy  hope my man empoleon  my first starter holds on go  my baby  go,pokemon,gaming,2016-02-16 07:15:45+00:00,2.0,0.0,0,0,,15,71,2.0
d00zbtp,terrifying from every angle,pokemon,gaming,2016-02-15 19:41:14+00:00,10.0,0.0,1055,202609,0.0,4,27,203674.0
d02wdc0,this was uploaded today  i feel like i ve missed some kind of z announcement  it says the show starts on the 20th,pokemon,gaming,2016-02-17 05:34:45+00:00,1.0,0.0,0,0,,23,113,1.0
d02tnzm,it s got a meloetta  feel,pokemon,gaming,2016-02-17 04:09:19+00:00,1.0,0.0,3,30,0.0,6,25,34.0
d01dey8,it s not very effective,pokemon,gaming,2016-02-16 01:38:40+00:00,1.0,0.0,0,0,,5,23,1.0
d01frnc,norman s slaking in oras it seems like no matter what fightingtype you have or how fast your fightingtype is this mufucka always seems to turn the tables on you or whitney s miltank it seems like once it uses rollout all of your pokemon get ko d imagine doing the nuzlocke challenge facing these two fuck that,pokemon,gaming,2016-02-16 02:40:06+00:00,2.0,0.0,8,237,0.0,58,309,247.0
d01i7sb,0ctus you sick fuck,pokemon,gaming,2016-02-16 03:44:44+00:00,5.0,0.0,142,788,0.0,4,19,935.0
d01q5im,gen 2  ampharos  special mention to gen 5 and scraggyscrafty though  they re a close second,pokemon,gaming,2016-02-16 09:03:05+00:00,1.0,0.0,4465,47105,0.0,16,91,51571.0
d02a7js,ninetales,pokemon,gaming,2016-02-16 20:06:46+00:00,3.0,0.0,88,1331,0.0,1,9,1422.0
d012gg5,_    http  iimgurcom0o0ig5rgif,pokemon,gaming,2016-02-15 20:56:13+00:00,269.0,0.0,0,0,,3,30,269.0
d01ay93,i dunno  i think art nouveau would better fit characters like cynthia  diantha and wallace  flannery s more of the metal album cover type  p,pokemon,gaming,2016-02-16 00:33:21+00:00,6.0,0.0,0,0,,25,140,6.0
d02cqck,oras had a really boring ost imo everything just felt like a boring remaster  it just is nt creative yesi m one of those people who likes hgss route 29,pokemon,gaming,2016-02-16 21:02:06+00:00,3.0,0.0,18,106,0.0,30,151,127.0
d02lkb8,relevant  https  wwwyoutubecomwatch  v  zvqfamotwai,pokemon,gaming,2016-02-17 00:36:08+00:00,14.0,0.0,86354,25604,0.0,5,51,111972.0
d02kjw1,pokemaniac steve  though watching chuggaaconroy s lp of emerald likely helped with that feeling,pokemon,gaming,2016-02-17 00:10:27+00:00,1.0,0.0,4569,24388,0.0,14,95,28958.0
d00q8u1,such a nice dress,pokemon,gaming,2016-02-15 15:58:27+00:00,3.0,0.0,0,0,,4,17,3.0
d00as6e,everyone talking about how the new name is so much better so much worse  but it s exactly the same name,pokemon,gaming,2016-02-15 03:58:09+00:00,34.0,0.0,15020,15756,0.0,21,103,30810.0
d012rg0,the fact that your flair and flair text is based on steel  that made me laugh to this more yknow yknow,pokemon,gaming,2016-02-15 21:03:31+00:00,5.0,0.0,1,223,0.0,21,102,229.0
d02uuhj,magcargo  i do nt want to melt,pokemon,gaming,2016-02-17 04:44:37+00:00,1.0,0.0,1,115,0.0,7,30,117.0
d02fagc,bout to get shuckle fucked,pokemon,gaming,2016-02-16 21:58:44+00:00,1.0,0.0,88,2381,0.0,5,26,2470.0
d009whe,awesome new pokemon imo is is pronounced mageerna or mageearna  or is majeerna or majeearna,pokemon,gaming,2016-02-15 03:29:23+00:00,0.0,0.0,4,16,0.0,15,91,20.0
d01du9g,this is more of a recent one but sewaddle and swadloon ive already had 2 pokemon in my current white 2 nuzlocke  purrloin  one level away from evolving  and solosis  who i thought could kill it with hp rock  die from crit bug bites  and of course special mention to random gym trainer s sewaddle for bringing my watchog to 4hp with crit razor leaf,pokemon,gaming,2016-02-16 01:49:54+00:00,2.0,0.0,1577,4299,0.0,65,347,5878.0
czzp9q4,words can not describe how much i love this,pokemon,gaming,2016-02-14 17:23:05+00:00,517.0,0.0,218,46279,0.0,9,43,47014.0
d019nyr,that is gorgeous,pokemon,gaming,2016-02-15 23:58:41+00:00,1.0,0.0,1103,17144,0.0,3,16,18248.0
d02ral8,what makes you think i left    p,pokemon,gaming,2016-02-17 03:03:03+00:00,1.0,0.0,0,0,,7,32,1.0
d0210wl,he was my main wall back in gold version  gb  not ds  i never gave him back to his owner,pokemon,gaming,2016-02-16 16:37:57+00:00,11.0,0.0,67,4181,0.0,20,88,4259.0
d014y7v,i wish shiny politoed was purple,pokemon,gaming,2016-02-15 21:56:51+00:00,1.0,0.0,0,0,,6,32,1.0
d00zcwe,in a perfect world  this would be the wedding gown of my future wife,pokemon,gaming,2016-02-15 19:41:55+00:00,-5.0,0.0,14,238,0.0,14,68,247.0
d00u7b8,you guys realize this is every year right  this is what happens with the base stat system,pokemon,gaming,2016-02-15 17:39:02+00:00,0.0,0.0,256,10783,0.0,17,89,11039.0
d0265uu,1 squirtle,pokemon,gaming,2016-02-16 18:36:09+00:00,1.0,0.0,136,1423,0.0,2,10,1560.0
d02662c,it s another one of those vivian type things that gets covered up by english censors,pokemon,gaming,2016-02-16 18:36:17+00:00,0.0,0.0,1114,3230,0.0,16,84,4344.0
d02sfor,really want breloom to pull through,pokemon,gaming,2016-02-17 03:34:16+00:00,1.0,0.0,0,0,,6,35,1.0
d01896b,also  i do nt like mega charizard x s shiny coloration granted it d be hard to top its normal colors  but i find the shiny to be a little too festive with the red and dark green  and speaking of indiscernible shinies  i got a shiny growlithe on wonder trade  and i was nt even aware it was a shiny until i compared it with another growlithe in my pc,pokemon,gaming,2016-02-15 23:21:09+00:00,4.0,0.0,261,521,0.0,71,349,786.0
d01znhk,would would they fight using humans,pokemon,gaming,2016-02-16 16:04:28+00:00,4.0,0.0,14,877,0.0,6,35,895.0
d026qy5,i got fed up with the new gens  i actually got back into it by a fan made game  pok  mon reborn now i play all the gens and place various challenges on myself  currently doing a gymleader nuzlock of emerald as a dark gymleader,pokemon,gaming,2016-02-16 18:49:21+00:00,12.0,0.0,1,55,0.0,45,226,68.0
d02lhw6,pkmnreorch     https  twittercompkmnreorch   gt   20160216 23  43  55 utc   https  twittercompkmnreorchstatus699741026072686594  gt  well  it s official the pok  mon company issued another takedown as of now  the preo youtube channel has been terminated      mistake     messagecompose  to  tweetposteramp  subject  error  20reportamp  message  465j8m  0a  0aplease leave above link unaltered     suggestion    messagecompose  to  tweetposteramp  subject  suggestion     faq    rtweetpostercomments13relk     code    https  githubcombuttsciclestweetposter     issues    https  githubcombuttsciclestweetposterissues,pokemon,gaming,2016-02-17 00:34:29+00:00,2.0,0.0,2,527846,0.0,62,614,527850.0
d01nmuh,looks amazing,pokemon,gaming,2016-02-16 06:46:46+00:00,1.0,0.0,4993,2106,0.0,2,13,7100.0
d00u6gt,wait  mega quaza was allowed and he s not on every team,pokemon,gaming,2016-02-15 17:38:29+00:00,5.0,0.0,311,54292,0.0,12,55,54608.0
d02n0w4,i enjoyed the series from the very beginning shortly after oras came out  i beat it and then got really busy with life stuff i m not super busy with life stuff and am usually free during the evenings now  with that out of the way  chuggaaconroy  one of the very few youtubers i still watch  recently started playing through pokemon platinum  and hearing him talk about the game and the series as a whole rekindled my love for the franchise  so  now i m replaying oras  specifically alpha sapphire  and am working on building a competitive team and getting into the whole competitive scene for pokemon again,pokemon,gaming,2016-02-17 01:13:46+00:00,1.0,0.0,0,0,,108,606,1.0
d01dm0l,hmm i m not so sure about this one,pokemon,gaming,2016-02-16 01:43:45+00:00,1.0,0.0,627,3879,0.0,9,34,4507.0
czztsqx,yes,pokemon,gaming,2016-02-14 19:30:47+00:00,1.0,0.0,75,1647,0.0,1,3,1723.0
d02s6o4,it s actually been confirmed to be a mythical pokemon by tpci  so now we just need to know her typing  stats  and signature move,pokemon,gaming,2016-02-17 03:27:20+00:00,1.0,0.0,12,23707,0.0,25,128,23720.0
d009nao,i ll probably still call it magiana tbh,pokemon,gaming,2016-02-15 03:21:21+00:00,-2.0,0.0,1,-1,0.0,8,39,-2.0
czzsf01,i think this is he cleverest crossover cosplay i ve ever seen,pokemon,gaming,2016-02-14 18:51:19+00:00,6.0,0.0,4023,5124,0.0,12,61,9153.0
d025muw,espurr freaks me out sometimes,pokemon,gaming,2016-02-16 18:24:17+00:00,1.0,0.0,24,2071,0.0,5,30,2096.0
d01izmz,this is actual perfection the huge chart i ve been using forever is so hard on the eyes,pokemon,gaming,2016-02-16 04:05:58+00:00,6.0,0.0,1,3898,0.0,18,87,3905.0
d01ug5h,pokemon zetaomnicron and insurgenes are something else really recommend  also the dark rising series,pokemon,gaming,2016-02-16 13:22:05+00:00,3.0,0.0,8,933,0.0,14,100,944.0
d01ay3w,jeeeesus christ every year i consider vgc but this shit just puts me off every single time i knew this was going to happen to be honest game freak  or whoevers in charge of the rules thought this was going to diversify things after the complete clusterfuck of fuckyoubirds and genies there were last year  landorustherian was on every single team in the masters division finals  but really all it s done is thrown groudon and deer into the mix of fuckyoubirds and megakhans and the worst part is  a team like this is going to win the world championships later this year  it s inevitable i get that using pok  mon with decent stats or a diverse moveset is very important  but creativity is just not there when it comes to vgc and it s really sad  it s like clone troopers playing fucking pok  mon we need more se jun parks in the world in the mean time i guess i ll either stick to battle spot and local unsactioned tournies  make a name for myself as a local legend instead of involving myself in matches of random varieties of the same 20 pok  mon or so jesus there s 706 fucking pok  mon we can use here people let s fucking use some shall we,pokemon,gaming,2016-02-16 00:33:14+00:00,2.0,0.0,510,37,0.0,218,1144,549.0
d018y2i,this is amazing  definitely my new phone background  are there more  any larger prints to sell,pokemon,gaming,2016-02-15 23:39:30+00:00,5.0,0.0,0,0,,16,94,5.0
d00st4d,why does misty have only two toes  looks amazing,pokemon,gaming,2016-02-15 17:04:38+00:00,4.0,0.0,78,1939,0.0,9,48,2021.0
d024tuj,just getting started into pokemon with the latest 4 games x  y  ruby and sapphire can i catch all the pokemon using these 4 games  if not or small number that ca nt what are they  i hear some events are the only way you can get certain ones so it s keeping me from buying into the games since whats the point if i ca nt have access to them all through regular play  not looking to do tournaments or anything maybe just fight a friend or two here and there not looking to trade online either cause it seems if some are past events i ca nt get anymore  i d have to resort to getting a power save just to get one i could nt catch  this is what has been confusing me cause no one seems to answer the first one with a straight up yes or no i do mean  catch  as in grind areas to  catch  it  not trading or getting free gifts through events,pokemon,gaming,2016-02-16 18:06:00+00:00,1.0,0.0,1,520,0.0,171,834,522.0
d01goae,that one looks like a triangle     oh sh,pokemon,gaming,2016-02-16 03:03:46+00:00,21.0,0.0,21317,28797,1.0,8,40,50135.0
d027iro,fire red leaf green ramp  s looked awful to me as a kid,pokemon,gaming,2016-02-16 19:06:40+00:00,7.0,0.0,1447,6489,0.0,13,55,7943.0
d02jguz,nidoking  slowking and  in japanese  koiking are all named after kings  and that s why they re regal,pokemon,gaming,2016-02-16 23:40:39+00:00,2.0,0.0,0,0,,18,100,2.0
d027fyh,hypno,pokemon,gaming,2016-02-16 19:04:53+00:00,1.0,0.0,1,25,0.0,1,5,27.0
d02aaon,black belt igor  battle  despair  train,pokemon,gaming,2016-02-16 20:08:41+00:00,23.0,0.0,1577,4299,0.0,6,39,5899.0
d00v0mt,now you just need a date with an ultra ball tux please hold while i frantically figure out how tailor,pokemon,gaming,2016-02-15 17:58:30+00:00,-9.0,0.0,0,0,,20,101,-9.0
d00dw99,that s awesome,pokemon,gaming,2016-02-15 05:50:56+00:00,1.0,0.0,21,287,0.0,3,14,309.0
d00nxd5,personally i would want any pokemon who s shiny color pallete is virtually indistinguishable from its normal color pallete to be different almost no one dislikes shiny mega gengar  but shiny gengar is merely a brightness level notch different from its regular version how awesome would a white gengar or for that matter haunter be,pokemon,gaming,2016-02-15 14:50:19+00:00,53.0,0.0,1,475,0.0,55,330,529.0
d014k9n,ash grey is pretty good,pokemon,gaming,2016-02-15 21:47:29+00:00,3.0,0.0,3234,27862,0.0,5,23,31099.0
d00ur6d,garchomp i hate the fact that it  and many other shiny pokemon  is pretty much indistinguishable from their regular forms imagine how awesome a red or black garchomp would have looked,pokemon,gaming,2016-02-15 17:52:13+00:00,8.0,0.0,1,70,0.0,31,183,79.0
d00swbj,i think pikachu would look really cool with blackgrey as shiny,pokemon,gaming,2016-02-15 17:06:56+00:00,1.0,0.0,78,1939,0.0,11,62,2018.0
d024bak,really nice cosplay  i can tell you put a lot of work and care into it,pokemon,gaming,2016-02-16 17:54:19+00:00,9.0,0.0,1,69,0.0,16,70,79.0
d01h23i,light platinum is one of my personal favorites every pokemon up til that point  16 badges  items replacing hms  more field moves etc highly recommend checking it out,pokemon,gaming,2016-02-16 03:13:58+00:00,3.0,0.0,1,245,0.0,28,165,249.0
d02jnm8,shits getting real now,pokemon,gaming,2016-02-16 23:45:42+00:00,6.0,0.0,0,0,,4,22,6.0
d02oxb2,the last thing i need is a big ass wailord chilling in my hood,pokemon,gaming,2016-02-17 02:01:33+00:00,3.0,0.0,1,2098,0.0,14,62,2102.0
d015qz5,looks like the op is a new account and a karmabot making reposts and copying the title word for word  https  wwwredditcomrpokemonsearch  q   22starburstpikachu  22madecompletelywithstarburstcandyamp  restrict_sr  on advertisers love to buy highkarma accounts for vote manipulation and link spamming,pokemon,gaming,2016-02-15 22:17:00+00:00,27.0,0.0,1,1000,0.0,39,298,1028.0
d019tgx,i was legitimately worried that jolteon might not make it through this is such a relief,pokemon,gaming,2016-02-16 00:02:45+00:00,2.0,0.0,782,5239,0.0,16,87,6023.0
d02otjc,the pokewalker it was really awesome having the ability to level my favorite pokemon and potentially catch some rare ones while i was out and about without having to lug around my ds the design of the pokewalker itself was really cool as well,pokemon,gaming,2016-02-17 01:58:57+00:00,2.0,0.0,0,0,,44,242,2.0
d00y3qa,i believe that is my cue to gouge my eyes out,pokemon,gaming,2016-02-15 19:12:04+00:00,11.0,0.0,6610,1140,0.0,11,45,7761.0
d02nwbl,so many but beedril is probably at the top of my list because i am terrified of bees  plus it s probably the most likely no pokemon that i could end up finding around here since there are no cemeteries within several miles for pokemon like litwick and co  no oceans for things like jellicent or tentacruel  etc but there are always so many wasps every fall shedninja is scary  yes  but they are nt aggressive like beedril  and vespiqueen are probably fairly chill as long as you do nt hurt their hive or their combees  also they do nt appear to have stingers,pokemon,gaming,2016-02-17 01:35:35+00:00,1.0,0.0,1,39,0.0,104,558,41.0
d027tcs,lol,pokemon,gaming,2016-02-16 19:13:20+00:00,0.0,0.0,139,657,0.0,1,3,796.0
d028rok,bellossom just learned crisis vine  i m paralyzed and this chick is poison   lol haha damn im dumb,pokemon,gaming,2016-02-16 19:34:40+00:00,3.0,0.0,139,657,0.0,18,98,799.0
d02lrhb,did nt he adjust his channel recently after talking with a lawyer so this would nt happen,pokemon,gaming,2016-02-17 00:41:02+00:00,22.0,0.0,2231,309,0.0,17,89,2562.0
d01klie,it was actually specifically clarified by an npc  they do nt actually faint they just do nt have enough energy to do their usual thing they can still cut trees n shit,pokemon,gaming,2016-02-16 04:53:22+00:00,422.0,0.0,142,25956,0.0,32,166,26520.0
d00q6ck,this is awesome you look awesome keep this up,pokemon,gaming,2016-02-15 15:56:35+00:00,9.0,0.0,0,0,,9,45,9.0
d018anf,this is the only pokemon wallpaper i use for my laptop http  wallpapercavecomwpafopl6pjpg,pokemon,gaming,2016-02-15 23:22:15+00:00,1.0,0.0,0,0,,13,89,1.0
d027bme,i quit playing when gen 3 came out because kid logic dictated that the absence of a lot of older pokemon and the inability to bring them forward from gen 2 meant they d gotten rid of them entirely  including a lot of my favorites  i came back in 2012 because pokemon was huge on my college campus  and i felt like i was missing out,pokemon,gaming,2016-02-16 19:02:06+00:00,2.0,0.0,1164,8155,0.0,66,331,9321.0
d018r44,is there a way to look at my pokedex online  i just bought a n3dsxl and pokemon x i joined the pokemon global link and did the game sync with my game are there any other supplementary things that i should do outside of the game,pokemon,gaming,2016-02-15 23:34:26+00:00,1.0,0.0,134,139,0.0,46,227,274.0
d01d2ur,there was an electrical fire somewhere i think you d get along,pokemon,gaming,2016-02-16 01:29:56+00:00,1.0,0.0,1,0,0.0,12,62,2.0
d02g0zi,gt  there lived a pok  mon in a forest  in the forest  the pok  mon shed its hide to sleep as a human  awakened  the human dons the pok  mon hide to roam villages  i m gon na go with zoroark it could be anyone,pokemon,gaming,2016-02-16 22:15:54+00:00,3.0,0.0,5,1778,0.0,45,209,1786.0
d023u2t,i just hate all dark types because i have a delphox and a gardevoir on my team  and gardevoir is my strongest member,pokemon,gaming,2016-02-16 17:43:30+00:00,1.0,0.0,1,2891,0.0,23,116,2893.0
d00w0l5,these are great,pokemon,gaming,2016-02-15 18:22:40+00:00,2.0,0.0,2251,7180,0.0,3,15,9433.0
d02sh21,one tidbit the first episode is called  from a to z  az  az,pokemon,gaming,2016-02-17 03:35:19+00:00,2.0,0.0,204,7117,0.0,13,59,7323.0
d0179a7,dragonite it s so hideous in green,pokemon,gaming,2016-02-15 22:55:12+00:00,1.0,0.0,0,0,,7,34,1.0
d015k0p,i have nt played any johto games yet  so i ca nt really say  but i really like hoenn  and my favorite pokemon are mostly from that region my top 3 pokemon aside from politoed are lotad  jirachi  and kecleon,pokemon,gaming,2016-02-15 22:12:03+00:00,1.0,0.0,4,623,0.0,40,206,628.0
d01371b,why did you put the stick   there    you could have at least curved it from behind,pokemon,gaming,2016-02-15 21:14:07+00:00,5.0,0.0,378,358,0.0,16,82,741.0
d01xful,kanto  pikablu jk lapras johto  mareep hoenn  flygon sinnoh  shinx unova  lilligantwhimsicott kalos  espurr,pokemon,gaming,2016-02-16 15:05:01+00:00,1.0,0.0,946,2803,0.0,14,107,3750.0
d0135if,honestly  blastoise and dragonite the colours clash with each other,pokemon,gaming,2016-02-15 21:13:05+00:00,6.0,0.0,56,172,0.0,10,67,234.0
464dtd,after watching battle frontier again  i just realizedmisty was supposed temporarily take over cerulean gym until her sisters came back from the trip around the world  in battle frontier  the sisters return  but misty is still running the gym  should nt she be back with ash now,pokemon,gaming,2016-02-16 20:23:01+00:00,0.0,0.0,0,0,,47,277,0.0
d01m8ff,i like the heartgold box art  specifically the outer box with the nice gold ecruteak city in the background behind ho oh,pokemon,gaming,2016-02-16 05:49:56+00:00,3.0,0.0,419,1169,0.0,22,120,1591.0
d015lkm,always gen i with vaporeon being my favorite,pokemon,gaming,2016-02-15 22:13:10+00:00,2.0,0.0,5438,4624,0.0,8,44,10064.0
d0270mo,best rage inducer ever  ty klefki,pokemon,gaming,2016-02-16 18:55:20+00:00,3.0,0.0,719,8175,0.0,6,33,8897.0
d01nzww,happinyblissey  green like chansey s shiny   misdreavusmismagius  either black  white  or have their regular color palettes swapped around and be their shiny form   dusknoir  it should be fuckin  red like the rest of its evo line   leafeon  it should be browntan like  this   http  iimgurcomhuwcrsqpng  fanart pic everybody likes   vaporeon  either mint green or a very light coral orange   espeon  gold  white  darker purple  or silver     jolteon  light blue or either black fur but keep the  collar  white  or vice versa and make its fur a darker yellow  flareon  a more intense coloration of its regular form   glaceon  purple like vaporeon s current shiny form   vulpix  light cream or white  clefable amp  wigglytuff line  hot pink   togekiss line  replace the white with black or dark gray   groudon  rusty brown  kyogre  ice blue  lucario line  make the already blue fur dark navy and the black parts white or gray  i could probably think of a bunch more but this list is already too long as it is lol,pokemon,gaming,2016-02-16 07:03:32+00:00,2.0,0.0,0,0,,167,1009,2.0
d018txv,dragonite green is my favorite color  but not here he looks like a moldy green bean with wings he d look better with one of those indistinguishable shinies honestly i d say they should turn him black with a red belly,pokemon,gaming,2016-02-15 23:36:30+00:00,2.0,0.0,627,3879,0.0,41,216,4508.0
d01wmyx,that tyranitar s hissy fit at the first panel is hilarious,pokemon,gaming,2016-02-16 14:40:56+00:00,1.0,0.0,216,1696,0.0,11,58,1913.0
d02ngk5,when  marriland   https  twittercomprofwafflesstatus699744837810069504  is disappointed in you  you know you ve gone too far    wtfu,pokemon,gaming,2016-02-17 01:24:40+00:00,25.0,0.0,8658,12972,0.0,16,132,21655.0
d01p87p,this makes me think of starcrossed lovers  one from a dragon gym and one from a fairy gym  three civil pokemon battles  by an airy word of thee  clair and uh  yeah  i ca nt be bothered about fairies sorry man,pokemon,gaming,2016-02-16 08:06:58+00:00,5.0,0.0,12,3666,0.0,41,208,3683.0
d01z820,that cosplay is bellawesome,pokemon,gaming,2016-02-16 15:53:34+00:00,53.0,0.0,341,448,0.0,4,27,842.0
d017nn6,serious question  why did anyone vote for espeon over nidoking  the king is the most badass gen i pokemon  and espeon is nt even one of the more popular eeveelutions,pokemon,gaming,2016-02-15 23:05:28+00:00,21.0,0.0,0,0,,30,165,21.0
d022uy1,i would nt give a 10 year old a piece of  25 jewelry let alone 8 of them,pokemon,gaming,2016-02-16 17:21:08+00:00,1.0,0.0,0,0,,18,72,1.0
d013tz1,genuinely  seriously  by the will of god  shiva the divine and buddah  words simply can not describe how much i love this,pokemon,gaming,2016-02-15 21:29:40+00:00,1.0,0.0,0,0,,22,121,1.0
d02vhav,the theme from japan is a lot better  p i honestly just watch this sub,pokemon,gaming,2016-02-17 05:04:34+00:00,1.0,0.0,1,1401,0.0,15,70,1403.0
d02eusl,i stopped after pokemon diamond and pokemon go brought me back,pokemon,gaming,2016-02-16 21:49:11+00:00,1.0,0.0,1,30,0.0,11,62,32.0
d02qimb,my little sister was watching indigo league on netflix  decided to watch a few episodes and got back into it,pokemon,gaming,2016-02-17 02:42:35+00:00,1.0,0.0,0,0,,20,108,1.0
d02r4nr,voted for all the eons  no regrets,pokemon,gaming,2016-02-17 02:58:39+00:00,3.0,0.0,0,0,,7,34,3.0
d009xwv,you ca nt get anymore clever than this,pokemon,gaming,2016-02-15 03:30:39+00:00,1.0,0.0,59,1262,0.0,8,38,1322.0
d025ax7,you re hot  but brock is hotter,pokemon,gaming,2016-02-16 18:16:47+00:00,46.0,0.0,4717,28966,0.0,7,31,33729.0
d02p64y,ew  glaceon is left but not leafeon,pokemon,gaming,2016-02-17 02:07:44+00:00,2.0,0.0,0,0,,7,35,2.0
d028n2m,any one know if anything similar is going down in the uk,pokemon,gaming,2016-02-16 19:31:55+00:00,2.0,0.0,805,6585,0.0,12,56,7392.0
d01b7vw,http  i1kymcdncomphotosimagesnewsfeed00089619307dgif,pokemon,gaming,2016-02-16 00:40:37+00:00,59.0,0.0,4089,21878,0.0,2,52,26026.0
d00pjsb,scizor way too cool of a pokemon to just get a run of the mill green color change,pokemon,gaming,2016-02-15 15:39:13+00:00,4.0,0.0,1190,940,0.0,18,81,2134.0
czzrb0m,my god  this is absolutely brilliant,pokemon,gaming,2016-02-14 18:20:22+00:00,1.0,0.0,2,311,0.0,6,36,314.0
d01vhol,i recently went back to pokemon ruby omega and i have no idea where i am at in the story line ruby was by far the game i put the most time into  i m twiddling my thumbs on route 120 have been to lillycove i have strength  surf and fly  i remember on leaf green there was a summary of what i had done before  i dont know if you can do that on this game  please help,pokemon,gaming,2016-02-16 14:02:21+00:00,1.0,0.0,1,30,0.0,79,364,32.0
d02md2i,tpci is greedy as fuck  they ended 2015 by suing a fan who threw a pokemon themed party and agreed to taking down images which infringe upon their copyright and now they kick off 2016 by taking down this guys content great company,pokemon,gaming,2016-02-17 00:56:25+00:00,5.0,0.0,1798,8237,0.0,43,230,10040.0
d01sulg,how the fuck is squirtle still here,pokemon,gaming,2016-02-16 12:03:26+00:00,1.0,0.0,0,0,,7,35,1.0
d00uapx,i d like for there be a system where all the shinies get completely redone for the most part and they become really cool and worth the hunt  but also something implemented like in pokemon stadium where different nicknames changed the color tints of the mons not necessarily nickname based  but making catching different pokemon for the different shades another collection aspect,pokemon,gaming,2016-02-15 17:41:19+00:00,6.0,0.0,1,51,0.0,62,378,58.0
d02v01l,i started watchinh during gen2 with the anime and i got crystal for christmas and i recently got back into it because i started rewatching the anime,pokemon,gaming,2016-02-17 04:49:27+00:00,1.0,0.0,0,0,,27,148,1.0
d01nq4x,snakewood and ashgray,pokemon,gaming,2016-02-16 06:50:54+00:00,7.0,0.0,59,13218,0.0,3,21,13284.0
d02ixdc,1 starmie 2 houndoom 3 none   4 luxrayempoleon 5 chandelurelilligant 6florges,pokemon,gaming,2016-02-16 23:26:49+00:00,1.0,0.0,5,551,0.0,11,77,557.0
d00vp25,that s the only good thing you can do with yellow starburst well done,pokemon,gaming,2016-02-15 18:14:50+00:00,31.0,0.0,1,327,0.0,14,69,359.0
d012jt4,the problem is the 6 pokemon per team rule as soon they added legendaries this rule was retarded they are kinda forced to take the same pokemon to cover enough  i think they should increase it to 12 pokemon per box  and 6 pokemon in battle this would make the fights by far more intersting and less rng luck based the thing is currently get one counter death and you win the game groudon without a hard counter is unstopable same goes for xerneas and kyogre,pokemon,gaming,2016-02-15 20:58:25+00:00,4.0,0.0,1,16,0.0,86,457,21.0
d02rwj3,this is actually evil,pokemon,gaming,2016-02-17 03:19:37+00:00,3.0,0.0,3603,38866,0.0,4,21,42472.0
d02uumf,that could be a possibility his reasoning for not choosing to evolve it to jolteon  vaporeon  or flareon was because he liked it the way it is he did nt want to  make  it evolve he obviously cares a lot for his eevee  so perhaps it could ve happened eventually i guess we ll never know  personally though  i ca nt envision it evolving at all  sort of like an ash s pikachu thing  but if it were to evolve  it would be through friendship  espeon  umbreon,pokemon,gaming,2016-02-17 04:44:45+00:00,1.0,0.0,7867,412,0.0,87,453,8280.0
d02cf86,the worst part is that this is still more diversity than worlds had,pokemon,gaming,2016-02-16 20:55:10+00:00,1.0,0.0,1,841,0.0,13,67,843.0
d010jaj,can anyone explain to a competetive noob like myself why the pokemon chosen are all fairly similar what makes smeragle  kangaskhan and that red bird so popular  in the single player experience i never noticed them as anything special are their stats actually crazy,pokemon,gaming,2016-02-15 20:10:29+00:00,5.0,0.0,0,0,,44,264,5.0
d027fu1,1010 would water regularly,pokemon,gaming,2016-02-16 19:04:48+00:00,93.0,0.0,35,951,0.0,4,26,1079.0
d00tova,gt   kyuremwhite,pokemon,gaming,2016-02-15 17:26:35+00:00,91.0,0.0,0,0,,2,16,91.0
d02q6bh,different pok  mon depending on the time of day i always thought that was cool,pokemon,gaming,2016-02-17 02:33:45+00:00,3.0,0.0,1712,838,0.0,15,78,2553.0
d02wja8,pokken got me back into checking for pokemon news and that brought me back into the main series now  i m just looking for the best time to move back in  possibly with the new main series we re getting with the zygarde forms and magearna   also a combination of go and the new pokemon announcements are perking my interest,pokemon,gaming,2016-02-17 05:40:41+00:00,1.0,0.0,1,1670,0.0,60,321,1672.0
d00jti1,oh god this makes me think about how they butchered the new opening,pokemon,gaming,2016-02-15 11:37:42+00:00,1.0,0.0,1274,42273,0.0,13,67,43548.0
d02igkb,i played generation 3 games most of all the remake brought me back the games have so much strategy and depth that it changed me from a casual player to a heavy breeder also trading is so much fun,pokemon,gaming,2016-02-16 23:14:44+00:00,1.0,0.0,0,0,,39,195,1.0
d00cp5r,wobbafett for president  3,pokemon,gaming,2016-02-15 05:04:53+00:00,1.0,0.0,1,10,0.0,4,26,12.0
d01y9lb,adorable  i love the textures and lines,pokemon,gaming,2016-02-16 15:28:15+00:00,2.0,0.0,1,69,0.0,7,39,72.0
d02itlp,1010 would awkwardly try to strike up conversation only to run out of interesting things to say,pokemon,gaming,2016-02-16 23:24:03+00:00,0.0,0.0,12141,22603,0.0,17,95,34744.0
d00x9n9,oh such  original  teams  this is sad,pokemon,gaming,2016-02-15 18:52:17+00:00,16.0,0.0,23,535,0.0,7,37,574.0
d01pher,do nt fuckle with shuckle,pokemon,gaming,2016-02-16 08:21:26+00:00,176.0,0.0,0,0,,5,25,176.0
d013mdv,that is so cute  i love how you have him holding the other starburst for you,pokemon,gaming,2016-02-15 21:24:31+00:00,1.0,0.0,176,2488,0.0,16,76,2665.0
d02j6nr,i do nt know if i d necessarily consider that a cosplay  but it is an awesomely themed dress  and it looks great,pokemon,gaming,2016-02-16 23:33:24+00:00,1.0,0.0,96,28027,0.0,23,112,28124.0
d00u8v4,lots of smeargles,pokemon,gaming,2016-02-15 17:40:05+00:00,7.0,0.0,65626,564511,0.0,3,17,630144.0
d01s7ae,i came here to laugh  not to feel,pokemon,gaming,2016-02-16 11:23:03+00:00,1.0,0.0,1805,1540,0.0,8,33,3346.0
d02gevg,omega ruby and alpha sapphire i left after x and y came out  and i got really bored of it  and i barely played when oras came out they sat untouched until earlier 2016  when  after going back and playing through black 2 for some pokemon memories  thought  why do nt i give it a go  i had some of the most fun i ve ever had in a single player game  and now i m back into pokemon  omega ruby and alpha sapphire reminded me of how great it was  edit  words,pokemon,gaming,2016-02-16 22:24:54+00:00,2.0,0.0,912,2585,0.0,93,453,3499.0
d0114ex,original 151 pokemon on gen 3 landscape   https  iimgurcomevcypsapng   last supper   https  iimgurcomyxwi6fejpg   umbreon   https  imgurcom2juk08c   eevee light prism   https  iimgurcomrpqsrp6jpg   reds team on mount silver   https  iimgurcomelvaljpg   red vs elite 4  gym leaders   https  iimgurcom5ue3mpmjpg   kirbymon   https  iimgurcomrz3pggrjpg   hooh attack   https  imgurcomfroyte1jpg   gentlemon   https  iimgurcomdm0ys8hjpg   tpp gen 1 final team   https  iimgurcomtzkjz5vpng   darkmom   https  iimgurcoml9hoxu7   tpp a   https  iimgurcomuf2vba2jpg   burtonmon   https  iimgurcomeynppjpg  1   derpmon   https  iimgurcomqwjqxh8png   astronaut pikachu   https  iimgurcomwpltiwvjpg   torterra   https  iimgurcomjsbaqzrjpg   lucario   https  iimgurcomdcimzhjpg   lugia   https  iimgurcomx4ug1hjpg   water pokemon   https  iimgurcomyljdwhjpg   champion steven   https  iimgurcomvkhhmhjpg  i m going to add more and the context  just give me a minute,pokemon,gaming,2016-02-15 20:24:42+00:00,24.0,0.0,3985,53907,1.0,102,953,57916.0
d01zl0j,magicarp because he s fuckin useless and a waste of time and every generation has that fuckin trainer who has 6 of them  fuck that guy,pokemon,gaming,2016-02-16 16:02:41+00:00,1.0,0.0,1,23254,0.0,26,134,23256.0
d00sk0n,almost every green shiny,pokemon,gaming,2016-02-15 16:58:15+00:00,6.0,0.0,4176,4082,0.0,4,24,8264.0
d00suwv,maybe i ll make my own wedding dress when the time this could ve been knocked out in a week probably,pokemon,gaming,2016-02-15 17:05:55+00:00,-9.0,0.0,0,0,,21,100,-9.0
d01rih4,dear god,pokemon,gaming,2016-02-16 10:35:54+00:00,6.0,0.0,202,3839,0.0,2,8,4047.0
d026p51,im sure this is someones kink,pokemon,gaming,2016-02-16 18:48:14+00:00,2.0,0.0,0,0,,6,29,2.0
d01br2n,i got my top favorite right here  http  konachancomsample1d7626c096799bb69c432fd8ad8767cbkonachancom  20  20155063  20samplejpg i love reshiram  d besides that  i sometimes go with this  http  iimgurcomg4zmu8ujpg this one too  http  iimgurcom5i726wxjpg and this one was custom made for me by someone i knew in the forums  http  iimgurcomtxyou0ejpg,pokemon,gaming,2016-02-16 00:55:03+00:00,2.0,0.0,0,0,,47,347,2.0
d02t0on,nintendo needs to get inline with 2016 and get their head out of their ass that is stuck in kyoto business sense,pokemon,gaming,2016-02-17 03:50:30+00:00,1.0,0.0,33505,99936,1.0,22,112,133442.0
d02j132,i d recommend starting with fireredleafgreen then moving forward from there so emerald after that  then platinum  then heartgoldsoulsilver  then blackwhite  then black2white2  then xy  then oras  i think it would be easier to move forward rather than backward so that way they would nt have to unlearn certain game mechanics introduced later on,pokemon,gaming,2016-02-16 23:29:27+00:00,1.0,0.0,0,0,,54,344,1.0
d014wnf,man  the community works fast  already  people are dressing up like magiana,pokemon,gaming,2016-02-15 21:55:48+00:00,1.0,0.0,2,88,0.0,12,75,91.0
d00two0,http  randowiscom is the source,pokemon,gaming,2016-02-15 17:31:53+00:00,20.0,0.0,0,0,,5,31,20.0
d01jdk8,most definitely oras and torchic,pokemon,gaming,2016-02-16 04:16:52+00:00,1.0,0.0,24929,1263,0.0,5,32,26193.0
d01p0lo,scratch that  you can preorder now for next month,pokemon,gaming,2016-02-16 07:55:12+00:00,0.0,0.0,11835,958,0.0,9,49,12793.0
d01yru4,i ca nt think of anything greater for this picture than the substitute doll,pokemon,gaming,2016-02-16 15:41:56+00:00,13.0,0.0,2239,9104,0.0,14,75,11356.0
d016c9j,gen 2  really the gen 4 remakes   quilava,pokemon,gaming,2016-02-15 22:31:55+00:00,1.0,0.0,5163,83139,0.0,8,41,88303.0
d01kg3y,generation 5  samurott samurott is my overall favorite pokemon  as well,pokemon,gaming,2016-02-16 04:48:38+00:00,1.0,0.0,11,1865,0.0,11,71,1877.0
d028kc2,i do nt know why i love tracy the koala this much,pokemon,gaming,2016-02-16 19:30:10+00:00,1.0,0.0,0,0,,12,49,1.0
d01x9bu,i thought it was happy tree friends,pokemon,gaming,2016-02-16 14:59:39+00:00,3.0,0.0,0,0,,7,35,3.0
d01al14,that looks amazing  well done,pokemon,gaming,2016-02-16 00:23:30+00:00,3.0,0.0,0,0,,5,29,3.0
d0281bu,good for them,pokemon,gaming,2016-02-16 19:18:21+00:00,1.0,0.0,1,2098,0.0,3,13,2100.0
d02h2am,that s bellawesome,pokemon,gaming,2016-02-16 22:40:24+00:00,3.0,0.0,0,0,,3,18,3.0
d017ke9,glaceon   http  orig15deviantartnetf1a1f20102131b1b355ed06878b1a07d0798fd8cd4232ajpg   because of reasons maybe orange would be nice,pokemon,gaming,2016-02-15 23:03:09+00:00,1.0,0.0,965,287,0.0,11,132,1253.0
d02t8l3,does anyone know an the email address to contact tpci  i know it might not be much  but i do wonder what would happen if we sent emails en masse to them  the squeaky wheel gets the most attention as hey say  i m a long time fan  since the day the games came to america  and always loved the ip with a passion yet  i m also a future content maker  and issues like this rock me to my core it s pretty heartless to treat a dedicated fan this way  even when they are making you a small amount of money i ve been such a pokemon fan for so long  yet  i m really considering not buying anymore of their products over this this issue could affect me in the future in many ways  and how i wish to creatively express myself i think it s a real shame that the company is conducting it s self with such bullylike tactics  and that they are pushing around such a dedicated and loyal fan  i do nt usually hashtagbut  wtfu,pokemon,gaming,2016-02-17 03:56:49+00:00,2.0,0.0,187,296,0.0,182,907,485.0
d019af3,that s not 8bit why do nt you kids know this,pokemon,gaming,2016-02-15 23:48:41+00:00,14.0,0.0,0,0,,11,44,14.0
d01qq6t,http  commentphotoscomgallerycommentphotoscom_1407344983jpg,pokemon,gaming,2016-02-16 09:41:04+00:00,1.0,0.0,0,0,,2,59,1.0
d00teud,strategic diversity,pokemon,gaming,2016-02-15 17:19:46+00:00,260.0,0.0,853,1169,0.0,2,19,2282.0
d013tvd,sugar  spice  and interdimensional portals,pokemon,gaming,2016-02-15 21:29:37+00:00,3.0,0.0,92,3374,0.0,5,42,3469.0
d02awtk,twitch plays pokemon got me back into the games  even getting me to play red for the first time from start to finish black and white 1 just were nt very interesting games to me initially  aside from the story  so i had nt played a new game until tpp then i realized i had missed out on quite a bit,pokemon,gaming,2016-02-16 20:22:24+00:00,1.0,0.0,47,874,0.0,61,297,922.0
d01yfk2,butterfree would be cool if the shiny form is pink just like the pink butterfree from the anime,pokemon,gaming,2016-02-16 15:32:44+00:00,1.0,0.0,8682,5501,0.0,18,95,14184.0
d01vqvo,all my favorites are out at this point i m rooting for dusknoir,pokemon,gaming,2016-02-16 14:11:23+00:00,1.0,0.0,0,0,,13,63,1.0
d00x8mf,these are really well done  hats off to you,pokemon,gaming,2016-02-15 18:51:37+00:00,2.0,0.0,1,8874,0.0,9,43,8877.0
d01i3hr,you know  i just realized i do nt really know any women who are into dudes making out like sexually aroused by it  in the way that guys are into two women making out,pokemon,gaming,2016-02-16 03:41:41+00:00,1.0,0.0,0,0,,34,165,1.0
d01mdfb,i guess life know the movie dream eater too,pokemon,gaming,2016-02-16 05:55:16+00:00,9.0,0.0,0,0,,9,43,9.0
d015wbe,new phone background  this looks amazing,pokemon,gaming,2016-02-15 22:20:45+00:00,5.0,0.0,0,0,,6,40,5.0
d029rum,i ve been playing a lot of mystery dungeon lately  so it has to be aerodactyl  some context might be needed for this one in rescue team  there s a chain of missions in the postgame that ends by concluding a major plot point from before the credits one of these missions is to go through a dungeon called pitfall valley it s 25 floors long floors 2125 only have 1 pokemon spawning on them  aerodactyl aerodactyl has the pressure ability  forcing me to use up my moves twice as fast  when the game had been particularly unforgiving with max elixir distribution  and these particular ones carry supersonic and agility so these guys are essentially zubats on steroids and that s all there is for 5 floors  a distant second  due to the same game is gengar  but the reasons are rather spoilery so i wo nt say anything,pokemon,gaming,2016-02-16 19:57:00+00:00,2.0,0.0,0,0,,149,811,2.0
d02oa4a,copied this from posts in another thread  the gb sounds key item from hgss,pokemon,gaming,2016-02-17 01:45:13+00:00,4.0,0.0,1,2235,0.0,14,74,2240.0
d01osin,hey all please remember that while it s totally fine to talk about roms and such here  you should nt link to them  that s against our rules thanks,pokemon,gaming,2016-02-16 07:43:08+00:00,1.0,0.0,9377,16663,0.0,29,146,26041.0
d012udm,now we need is team charm posing like charlie s angels,pokemon,gaming,2016-02-15 21:05:30+00:00,1.0,0.0,8682,5501,0.0,11,54,14184.0
d01gd7s,why not you ai nt at the damn grammys,pokemon,gaming,2016-02-16 02:55:49+00:00,1.0,0.0,0,0,,9,37,1.0
d00ufmp,espeon was my favorite pokemon and the first time i got a shiny eevee i was super excited  and then it evolved,pokemon,gaming,2016-02-15 17:44:31+00:00,6.0,0.0,1,1100,0.0,22,110,1107.0
d02s9qd,honestly read this as  why is nt misty black   nvm continue as usual,pokemon,gaming,2016-02-17 03:29:39+00:00,5.0,0.0,0,0,,13,68,5.0
d027cnx,sapphire s because of the blue  or leafgreen s for the cool green swirl design,pokemon,gaming,2016-02-16 19:02:46+00:00,1.0,0.0,1712,838,0.0,15,78,2551.0
d017cfo,i would love to have a  gift a pokemon  option it would be a nice surprise for my son to receive a mon without a trade,pokemon,gaming,2016-02-15 22:57:27+00:00,2.0,0.0,0,0,,26,118,2.0
d02k7o5,i ca nt remember which candle pokemon it was that uses human souls as fuel for its flame  and haunts hospitals looking for dying souls  banette was a discarded doll who is constantly seeking revenge on the child who abandoned it  dusknoir acts as a radio transmitter receiving messages from the world of the damned it is constantly hearing those voices ask it to bring new souls,pokemon,gaming,2016-02-17 00:01:33+00:00,1.0,0.0,75,44070,0.0,67,378,44146.0
d021xlx,it s been a really long time but was nt shuckle the only pokemon that can do 999 damage without cheats,pokemon,gaming,2016-02-16 16:59:18+00:00,3.0,0.0,80,1602,0.0,21,102,1685.0
d00u7n1,and  that s  why hms are bullshit  d,pokemon,gaming,2016-02-15 17:39:16+00:00,137.0,0.0,1,442,0.0,8,36,580.0
d02njo1,it is definitely mr bonding in xy for me this guy is meeting 10 year olds all over kalos in motels and giving them opowers  this guy is a creeper for sure  edit  i guess he is not a trainer that we know of so it does nt really fit in this post but he s weird   he s weird,pokemon,gaming,2016-02-17 01:26:49+00:00,3.0,0.0,1,221,0.0,60,271,225.0
d02glk8,swole,pokemon,gaming,2016-02-16 22:29:15+00:00,1.0,0.0,3500,5994,1.0,1,5,9495.0
d02wenq,brb getting this tattooed on my body,pokemon,gaming,2016-02-17 05:36:04+00:00,1.0,0.0,53,5576,0.0,7,36,5630.0
d011i26,rip dizzy 1 like  1 prayer,pokemon,gaming,2016-02-15 20:33:43+00:00,8.0,0.0,1604,1036,0.0,6,26,2648.0
d02dwly,how long does each drawing take you  approximately,pokemon,gaming,2016-02-16 21:28:18+00:00,3.0,0.0,4554,5485,0.0,8,50,10042.0
461eb1,i heard that there s this pok  mon holiday called  zangoose day  which is on march 9th  when did that start  why  who came up with it  do other pok  mon have their own  days   please send me a link that shows all the pok  mon holidays  any links that have more info on this would be appreciated,pokemon,gaming,2016-02-16 07:24:33+00:00,8.0,0.0,35,10,0.0,58,294,53.0
d00y55u,powerpuff pokemons,pokemon,gaming,2016-02-15 19:13:00+00:00,1.0,0.0,10,1243,0.0,2,18,1254.0
d01nosb,looks like hiei from kancolle  3,pokemon,gaming,2016-02-16 06:49:14+00:00,5.0,0.0,0,0,,6,32,5.0
d02fn1c,lack of money lol i ca nt picture my life without pokemon,pokemon,gaming,2016-02-16 22:06:52+00:00,2.0,0.0,14,445,0.0,12,57,461.0
d01019q,nurse looks pretty pent up,pokemon,gaming,2016-02-15 19:58:17+00:00,190.0,0.0,0,0,,5,26,190.0
d01bpnz,whats the best way to go about trading for exclusives from other games  i have omega ruby and am aiming at a living dex at some point in the future,pokemon,gaming,2016-02-16 00:54:01+00:00,1.0,0.0,46,963,0.0,30,147,1010.0
d02myhf,hey thats my favorite water type  the costume looks awesome too,pokemon,gaming,2016-02-17 01:12:02+00:00,1.0,0.0,1,51,0.0,11,63,53.0
d011ix5,pikachu used diabetes  it s super effective,pokemon,gaming,2016-02-15 20:34:16+00:00,2.0,0.0,295,4630,0.0,7,43,4927.0
d0119ko,mkangaskhan        talonflame        pgroudon       xerneas       smeargle      msalamence     amp  nbsp  cresselia  kyuremw  lilligant  mmawile  mrayquaza  pkyogre  amoongus interestingly enough  four of the six unique pok  mon were from the same team,pokemon,gaming,2016-02-15 20:28:07+00:00,28.0,0.0,2752,12289,0.0,29,252,15069.0
d02io6l,absol vs weavile    oh no i know this is nt the most intense but this is truly worrisome gt  _lt,pokemon,gaming,2016-02-16 23:20:13+00:00,8.0,0.0,1,223,0.0,20,96,232.0
d02kivl,do you think there is a regional pokedex which can be completed without help from a guide  starting with gen ii  in generation i  i think you could complete the pokedex without any walkthrough  various people in the game told you clues about evolutionary stones  evolution by trade  and the legenday pokemons where in places you were naturally led to explore the rarest pokemons were the safari ones i think  but with a little patience you could catch them the legit way  but starting with generation ii  some evolution methods were impossible to guess  held items while trading  happiness  albeit you could max this one without knowing about it  just by levelingup   so i think a walkthrough may be compulsory to complete the jotoh pokedex  generation iii is yet again a step in the cryptic direction  unless you re lucky  there s no getting a shedinja without outside help the 6tilesfeebas is yet another  walkthroughalmostcompulsory  moment  not mentioning his convoluted evolution method and finally  i do nt think there s any trainer in the game using a chimecho  making it impossible to locate with the pokedex perhaps the regiriddle can be solved by a determined player  ca nt say myself as i was using a guide back then  right now i m finally playing gen iv  and i ve advanced the sinnoh pokedex as much as i can all alone  because i love discovering things by myself  but i fear i might soon have to search for answers on internet  as i m having difficulties with quite a number of pokemons  so i was wondering  is it even possible to complete a regional pokedex without a kind of guide  trading is authorized for evolution and versionexclusive pokemons purposes only has any of you been stubborn enough to complete a regional pokedex by yourself  without external help  mythical pokemons are out of the equation  because they are not needed to get the diploma,pokemon,gaming,2016-02-17 00:09:45+00:00,1.0,0.0,1,0,0.0,322,1869,2.0
d02veaj,its these types of things that make me wonder how far off we are from tpc just turning on their heels and saying  know what  fuck all of this   and then promptly tear down  insurgence  zetaomicron  pixelmon  pokemmo  etc etc  i ve been under the assumption they d be going after all of them at least a year or two ago it seems they re getting more rabid now unless its an officially sanctioned celebration of pokemon   fuck your fandom for us  we tell you when to say thank you,pokemon,gaming,2016-02-17 05:01:49+00:00,1.0,0.0,1230,97748,1.0,90,477,98979.0
d00pw8c,damn  i wish i could ve seen that at katsu,pokemon,gaming,2016-02-15 15:48:49+00:00,1.0,0.0,0,0,,10,42,1.0
d00ks4i,must have seen all the reddits and forums talking about manginas,pokemon,gaming,2016-02-15 12:38:24+00:00,-1.0,0.0,11737,33439,0.0,11,64,45175.0
d00yj3q,holy mackerel,pokemon,gaming,2016-02-15 19:22:15+00:00,3.0,0.0,0,0,,2,13,3.0
d00vt8a,this brings back much memories,pokemon,gaming,2016-02-15 18:17:38+00:00,1.0,0.0,0,0,,5,30,1.0
d02l7f2,giratina on the platinum box art  it looked too good to pass up stopped playing when i saw the design of the regis and thought i was too good for rs i ve since purchased emerald and followed the steps to actually catch all three golems  proving once and for all that i am better than them,pokemon,gaming,2016-02-17 00:27:19+00:00,2.0,0.0,255,2269,0.0,57,288,2526.0
d02j89f,sorry if this does nt belong in here  i am trying to make a viable rollout donphan  i was thinking rollout  metronome was a fun combo to begin with i also maximized def and sp def to keep the rollout going anyone have any useful tips for thisgt,pokemon,gaming,2016-02-16 23:34:33+00:00,2.0,0.0,1,2060,0.0,48,244,2063.0
d01g600,gen i and ii dratini and dragonair wrap and thunderwave fuck them,pokemon,gaming,2016-02-16 02:50:30+00:00,3.0,0.0,0,0,,12,65,3.0
d012tej,mega garchomp  why why did they murder your manliness,pokemon,gaming,2016-02-15 21:04:51+00:00,1.0,0.0,5038,17387,0.0,9,53,22426.0
d00p3zo,is surge supposed to be french  edit  i m wondering because of the flag on his sleeve in the color version the colors are reversed of course  but in the sketch the shading seems like the french flag,pokemon,gaming,2016-02-15 15:26:52+00:00,2.0,0.0,0,0,,38,198,2.0
d01e7rg,so what are the cookiecutter builds for each of the mostly used pokemon   top 4 teams  would like to know what type of aspects to buildaim for a counter team  training for an upcoming regional,pokemon,gaming,2016-02-16 01:59:35+00:00,1.0,0.0,688,1479,0.0,35,192,2168.0
d026z4s,since i got my start when the game first released  i originally stopped playing when ruby and sapphire were announced at that point  i was approaching high school and various factors kicked in  i focused more on other games  video games  tcgs   pokemon had a stigma attached to it  i did nt have a gba  and was nt really looking to get one at the time   and  obviously  schoolrelated activities became more commonplace but  one of the big factors was that  after having played a sequel to the original games in gsc  i was disappointed to go somewhere new with no connections to the previous games and have very few returning pokemon  i wanted to pick the series back up when frlg came out  but i did nt have the funds to buy it or a gba i remember being intrigued by diamond and pearl  but  again  not excited enough to jump back into the fold once hgss were announced  and i was in college   i pounced back in as gsc had been my favorites for a long time by that point i did skip gen v on release because  as like with ruby and sapphire  the  reboot  aspect kinda rubbed me the wrong way  but the story in gen v is arguably the best in the main series  i again picked the series back up with xy riding the hype of 3d and the fact that a lot of people were diving back in to the series  but i found it lackluster  and it was nt for the fact that i had wanted to play through hoenn and did nt want to go back to the prephysicalspecial split era to do it  i might not have picked up oras the next game s announcement  features  etc are going to make or break whether i continue with the series again or not  i m just so burned out of doing the same things over and over and over again with the series and being  bored  while doing it if there was a fromthestartofthegame difficulty selection  as there  should  be   having to slog through the same overall plot outline each time might be more bearable to me,pokemon,gaming,2016-02-16 18:54:24+00:00,0.0,0.0,0,0,,366,1905,0.0
d02lkxi,my friend got me oras for my birthday after not really touching pokemon for nearly a couple of years after i finish the national dex i m gunna go back and play all the previous games i own,pokemon,gaming,2016-02-17 00:36:35+00:00,2.0,0.0,1,2787,0.0,38,188,2790.0
d02hs98,i lose braincells when i read youtube comments  so please do nt,pokemon,gaming,2016-02-16 22:57:47+00:00,-2.0,0.0,1205,23426,0.0,12,63,24629.0
d01040t,whos that pok  mon  it s pikachu  iiiiiiiit s mega kangaskhan fuuuuuuuuuuuuuuuuuu,pokemon,gaming,2016-02-15 20:00:08+00:00,2.0,0.0,81,114,0.0,12,81,197.0
d009x8g,so glad it no longer sounds like mangina,pokemon,gaming,2016-02-15 03:30:03+00:00,33.0,0.0,1130,8266,0.0,8,40,9429.0
d02kztt,dragonite dratini and dragonair are godmode shinies then dragonite is a pretty awful shade of green,pokemon,gaming,2016-02-17 00:21:56+00:00,1.0,0.0,0,0,,16,99,1.0
d01yosr,fucking mega kangashan because i have nt figured out how to fucking beat it yet,pokemon,gaming,2016-02-16 15:39:40+00:00,3.0,0.0,1553,22006,0.0,15,79,23562.0
d01oyls,i just can not get enough of the watercoloringsugomori style  great work,pokemon,gaming,2016-02-16 07:52:13+00:00,2.0,0.0,0,0,,12,72,2.0
d02sjjv,awesome,pokemon,gaming,2016-02-17 03:37:17+00:00,1.0,0.0,0,0,,1,7,1.0
d012vqb,so should i watch evangelion or what,pokemon,gaming,2016-02-15 21:06:26+00:00,1.0,0.0,49,2072,0.0,7,36,2122.0
d01iy3c,i just saw that it does nt work quite right on firefox  i ll look into it  edit  works now,pokemon,gaming,2016-02-16 04:04:46+00:00,1.0,0.0,0,0,,20,90,1.0
d00lvdb,brock and erika are great  i really dont like misty s eyes and lr surge is just all around weird,pokemon,gaming,2016-02-15 13:33:09+00:00,1.0,0.0,13,5119,0.0,20,96,5133.0
d00obu5,nidoqueen they had a really great thing going with the nidoran line having the opposite gender s colours for their shinies  and then they messed it all up by making nidoqueen mostly green and it s not even a nice green  and it clashes with the pink  also nidoran m and nidorino shuld have blue insides of their ears  not brown  for the same reason  it would be neat if shiny golduck was yellow  like shiny psyduck is blue you may be able to tell that i like swapped palettes  shiny rapidash is okay i guess  but i d rather they kept the blue mane that shiny ponyta has instead of changing it to grey  generally  most of the green ones  to be honest  unless the nonshiny version is green as well espeon comes to mind,pokemon,gaming,2016-02-15 15:03:08+00:00,33.0,0.0,1,5782,1.0,136,715,5816.0
d02phrx,has anyone gotten a code that s not working  i got a mew code card from gamestop earlier today and it s telling me my code is invalid,pokemon,gaming,2016-02-17 02:16:06+00:00,1.0,0.0,78,89,0.0,28,133,168.0
d022jkn,shedinja at one point in sapphire  i had no moves that were effective against one so i lost i suspect that this is very annoying in competitive battles as well,pokemon,gaming,2016-02-16 17:13:48+00:00,2.0,0.0,98,134,0.0,30,159,234.0
d0185vb,fifth and volcarona  but i might as well do the other generations as well  first  beedrill or gengar second  scizor third  breloom fourth  gallade or roserade sixth  greninja or pangoro,pokemon,gaming,2016-02-15 23:18:42+00:00,6.0,0.0,1,3942,0.0,30,185,3949.0
d02glme,adorable cosplay,pokemon,gaming,2016-02-16 22:29:17+00:00,2.0,0.0,9,330,0.0,2,16,341.0
d02tqau,i was always a fan of the random emolgadedenne npcs in lumiose   you know  my emolga really wants to shock your dedenne   what,pokemon,gaming,2016-02-17 04:11:10+00:00,2.0,0.0,769,56567,1.0,23,126,57338.0
d01gagn,pretty much any pokemon that s impossible to tell if it s a shiny or not,pokemon,gaming,2016-02-16 02:53:45+00:00,2.0,0.0,13,3603,0.0,16,72,3618.0
d01a89r,i recently posted a very similar drawing of misty here  and someone requested a commission they never ended up purchasing the piece  so here it is,pokemon,gaming,2016-02-16 00:13:56+00:00,4.0,0.0,4083,897,0.0,26,146,4984.0
d016rkv,my favorite gen is gen 3  and my favorite pokemon from gen 3  and my favorite pokemon overall  is the mudkip line,pokemon,gaming,2016-02-15 22:42:44+00:00,1.0,0.0,974,4999,0.0,22,113,5974.0
d00wdk2,anyone have the lilligant move set and an explanation why it was used,pokemon,gaming,2016-02-15 18:31:18+00:00,20.0,0.0,15,451,0.0,13,69,486.0
d00ocvv,dewgong  you ca nt even tell it s any different,pokemon,gaming,2016-02-15 15:04:04+00:00,5.0,0.0,4052,6794,1.0,10,47,10851.0
d02kxel,clefable i always dread seeing it in fear what kind of bullshit strategy that trainer is using to ruin my fun this time,pokemon,gaming,2016-02-17 00:20:15+00:00,1.0,0.0,4383,10319,0.0,23,119,14703.0
d01doy7,i will find you and i will marry you,pokemon,gaming,2016-02-16 01:45:55+00:00,-1.0,0.0,0,0,,9,36,-1.0
d025a8y,mega bannette,pokemon,gaming,2016-02-16 18:16:21+00:00,3.0,0.0,370,1791,0.0,2,13,2164.0
d016pp3,does anyone have some mobile wallpapers,pokemon,gaming,2016-02-15 22:41:25+00:00,2.0,0.0,0,0,,6,39,2.0
d02aeki,hgss in 2010 i was joking watching tv with my brother about how shit all of pokemon is  even the ones i fucked  gen 1   without having fucked any gaem after gen 1  and a few seconds later we saw a commercial for hgss  iirc it was launch day it looked awesome  went to the store  bought the gaem  and the rest is history,pokemon,gaming,2016-02-16 20:11:04+00:00,1.0,0.0,0,0,,64,319,1.0
d02rvcd,ooh  pretty,pokemon,gaming,2016-02-17 03:18:44+00:00,1.0,0.0,0,0,,2,11,1.0
d01mox5,nice this was at katsucon i took a picture of you and said  i choose you   you said it back to me  but after that i felt stupid cause you had probably heard that all day,pokemon,gaming,2016-02-16 06:07:37+00:00,1.0,0.0,0,0,,36,169,1.0
d015n0u,soulsiverheartgold and sentret,pokemon,gaming,2016-02-15 22:14:13+00:00,6.0,0.0,1,313,0.0,3,30,320.0
d015o87,gen 2 and quilava  i started with gen 1  but loved gold and silver so much  i also love quilava because it can get things done while being super cute,pokemon,gaming,2016-02-15 22:15:05+00:00,1.0,0.0,0,0,,30,149,1.0
d01k579,this is awesome,pokemon,gaming,2016-02-16 04:39:07+00:00,1.0,0.0,1,2,0.0,3,15,4.0
d02kqex,well that s pretty bellawesome  boom puns  edit  just ctrlf d bellawesome and realized this pun had been made twice already will not delete my shame,pokemon,gaming,2016-02-17 00:15:08+00:00,5.0,0.0,38,11703,0.0,26,148,11746.0
d01ydpk,so we have a long running joke on the  rpokemon discord chat   https  discordgg0cccioyfdu8vzwut  about getting one of the mods to dress up like a bellossom if it gets a mega evolution before vileplume does  congrats on providing the visual imagery for that costume   p also lovely costume   even if bellossom is a sinfully  happy abomination,pokemon,gaming,2016-02-16 15:31:20+00:00,131.0,0.0,4201,8167,0.0,56,341,12499.0
d01m6hc,i am so excited  i had preregistered and everything with my tenso address i was looking for the dragonair and mew plush  but sadly they do not have either,pokemon,gaming,2016-02-16 05:47:51+00:00,1.0,0.0,119,260,0.0,29,154,380.0
d01bvzq,mfw i read the winners   http  iimgurcom6adlv4rgif  noredirect  seriously  i m pleasantly surprised by a lot of them froslass and toxicroak are still in the game and that s all that matters,pokemon,gaming,2016-02-16 00:58:44+00:00,4.0,0.0,0,0,,32,189,4.0
d02gemb,that s sweet,pokemon,gaming,2016-02-16 22:24:43+00:00,1.0,0.0,1,142,0.0,3,12,144.0
d02ledq,i never left o_o,pokemon,gaming,2016-02-17 00:32:06+00:00,2.0,0.0,11,1557,0.0,4,16,1570.0
d00doh3,looks like a wind up toy coming out of a fancy pokeball,pokemon,gaming,2016-02-15 05:42:23+00:00,6.0,0.0,3807,1033,0.0,12,55,4846.0
d016pw3,this account is a karmabot that copied someone elses post https  wwwredditcomrpokemonsearch  q   22starburstpikachu  22madecompletelywithstarburstcandyamp  restrict_sr  on,pokemon,gaming,2016-02-15 22:41:33+00:00,13.0,0.0,235,233,0.0,17,171,481.0
d01jdpa,dang those badges are expensive and is there a web program to translate the site so i can make an account,pokemon,gaming,2016-02-16 04:16:59+00:00,2.0,0.0,121,2883,0.0,21,105,3006.0
d01ud8p,nice to see people noticing little things like this,pokemon,gaming,2016-02-16 13:18:45+00:00,8.0,0.0,0,0,,9,51,8.0
d025jgv,hypno in the episode where he uses hypnosis and the kids think there pokemon and the adults just do nt care,pokemon,gaming,2016-02-16 18:22:10+00:00,13.0,0.0,1,132,0.0,21,107,146.0
d01visq,i m so disappointed that torterra is out,pokemon,gaming,2016-02-16 14:03:30+00:00,1.0,0.0,0,0,,8,40,1.0
d0295q8,i never really left it on purpose i just went through a rough patch in my life where so much went on because my parents split up and stuff  i did nt even realize a new pokemon game had come out that was when gen 4 started,pokemon,gaming,2016-02-16 19:43:23+00:00,2.0,0.0,1103,17144,0.0,47,221,18249.0
d01osy5,tahk0     https  twittercomtahk0   gt   20160216 07  41  03 utc   https  twittercomtahk0status699498713064951808  gt  here are high quality images of the luxury official gym badges you can buy for almost two hundred bucks    pictwittercom    http  pbstwimgcommediacbuexruumaevqs1jpg     imgur    http  iimgurcom9y4gkgsjpg      mistake     messagecompose  to  tweetposteramp  subject  error  20reportamp  message  461g3z  0a  0aplease leave above link unaltered     suggestion    messagecompose  to  tweetposteramp  subject  suggestion     faq    rtweetpostercomments13relk     code    https  githubcombuttsciclestweetposter     issues    https  githubcombuttsciclestweetposterissues,pokemon,gaming,2016-02-16 07:43:44+00:00,1.0,0.0,2,527846,0.0,66,682,527849.0
d02izxg,starmie,pokemon,gaming,2016-02-16 23:28:37+00:00,1.0,0.0,5,551,0.0,1,7,557.0
d00rd7x,duh duh dududuh duh duh,pokemon,gaming,2016-02-15 16:28:02+00:00,1.0,0.0,779,25157,1.0,5,23,25937.0
d01e21r,i really hated boldore in 5th gen it s not bad enough that the buggers are just as bad as zubats  but they also have to have sturdy,pokemon,gaming,2016-02-16 01:55:24+00:00,2.0,0.0,109,4251,0.0,28,131,4362.0
d00vale,i just barfed a little,pokemon,gaming,2016-02-15 18:05:12+00:00,17.0,0.0,1,187,0.0,5,22,205.0
d014e9f,wow  you did a excellent job love the details and the ball around the belt line  plus your hair looks phenomenal with it as well,pokemon,gaming,2016-02-15 21:43:28+00:00,2.0,0.0,0,0,,25,128,2.0
d00o1ui,ultragod,pokemon,gaming,2016-02-15 14:54:16+00:00,9.0,0.0,4717,28966,0.0,1,8,33692.0
d028ri3,looks like someone was at katsucon,pokemon,gaming,2016-02-16 19:34:34+00:00,8.0,0.0,990,1463,0.0,6,34,2461.0
d025vrh,holy shit it does look like monokuma,pokemon,gaming,2016-02-16 18:29:52+00:00,1.0,0.0,162,0,0.0,7,36,163.0
d01uc9p,4th gastrodon  wraaaaaa,pokemon,gaming,2016-02-16 13:17:36+00:00,1.0,0.0,0,0,,3,23,1.0
d00rkam,wow i would wear that as my wedding dress beautiful,pokemon,gaming,2016-02-15 16:33:06+00:00,30.0,0.0,0,0,,10,51,30.0
d015qzv,gen 2 will always be special for me but my overall favourite pokemon was always onix,pokemon,gaming,2016-02-15 22:17:01+00:00,3.0,0.0,1,11457,0.0,16,84,11461.0
d00w686,ftil erika s sabrina s relative,pokemon,gaming,2016-02-15 18:26:24+00:00,3.0,0.0,29,1618,0.0,6,31,1650.0
d00wojz,not to be a grammar nazi  but the english is nt strong with this one,pokemon,gaming,2016-02-15 18:38:35+00:00,150.0,0.0,0,0,,15,68,150.0
d010cod,gengar his mega form looks nice but his normal form  its like theres no difference  nvm  someone already said it,pokemon,gaming,2016-02-15 20:06:02+00:00,3.0,0.0,0,0,,20,112,3.0
d00or5i,shiny persian   http  cdnbulbagardennetupload003spr_6x_053_spng  vs  regular persian   http  cdnbulbagardennetupload992spr_6x_053png  virtually indistinguishable god dammit,pokemon,gaming,2016-02-15 15:16:22+00:00,18.0,0.0,378,2098,1.0,13,172,2494.0
d02kdt9,black amp  white gen 5 is large and varied  with a much better balance than gen 1 the games are challenging  but not frustratingly so the map is visually more interesting and better navigable than in any other game there is a lot to do beyond just beating the elite four and stopping the bad guys  including some truly epic legendary quests  comparable even with gen 3   there are natural sequels in black amp  white 2 which directly flow  both in terms of gameplay and story,pokemon,gaming,2016-02-17 00:05:58+00:00,2.0,0.0,187,8701,0.0,86,475,8890.0
d02eq8j,druddigon anything d be better than the puke green color it has now,pokemon,gaming,2016-02-16 21:46:25+00:00,1.0,0.0,1712,838,0.0,13,67,2551.0
czzyxt2,genius,pokemon,gaming,2016-02-14 21:57:52+00:00,1.0,0.0,0,0,,1,6,1.0
d01xqc2,i like that it looks like you can wear out in a casual way  very nice,pokemon,gaming,2016-02-16 15:13:29+00:00,14.0,0.0,1,13,0.0,16,69,28.0
d016klr,any high probability to appear poke in a route when i m searching for some specific poke it s just so tyring to face 100 staravia before finding an stunky in route 11  even dedenne which has a lower appear rate appeared to me sooner  edit  bad english,pokemon,gaming,2016-02-15 22:37:45+00:00,3.0,0.0,0,0,,48,251,3.0
d02s45j,i m just pissed that they changed it to 7am i had a hard enough time getting up to watch it at 8am  but 7 is ridiculous,pokemon,gaming,2016-02-17 03:25:26+00:00,1.0,0.0,1103,17144,0.0,27,119,18248.0
d00skd6,what s the one on the left supposed to be,pokemon,gaming,2016-02-15 16:58:28+00:00,1.0,0.0,31,1275,0.0,10,41,1307.0
d02776x,how am i ever gon na decide the final greninja vs toxicroak round,pokemon,gaming,2016-02-16 18:59:19+00:00,1.0,0.0,0,0,,13,65,1.0
d01n2p9,gen 5  as it s almost always been shit on from day one and i have this silly underdog complex in addition to actual thinking gen 5 has good stories and pokemon and areas and shit  may be my fave pokemon gen  as for favorite  i have many if starters  then tepig because it reminds me of home if not starters lilligant is my aesthetic archeops has been the most surprisingly powerful in my ingame team though i ve actually used it so hm,pokemon,gaming,2016-02-16 06:22:51+00:00,1.0,0.0,204,748,0.0,84,434,953.0
d013kdn,i m not near my computer atm but  i have this for my desktop background   http  kniyedeviantartcomartpokemonhoennstarterswallpaper278941665,pokemon,gaming,2016-02-15 21:23:10+00:00,1.0,0.0,0,0,,17,139,1.0
d018b8k,pokemon solar light and lunar dark has all new pokemon and i think it is phenomenal definitely worth checking out,pokemon,gaming,2016-02-15 23:22:41+00:00,1.0,0.0,0,0,,20,113,1.0
d01nms7,do you think you could help me get the pikachu via trade if i purchased something  it kind of sucks that it s limited to japan,pokemon,gaming,2016-02-16 06:46:41+00:00,1.0,0.0,88,1635,0.0,26,126,1724.0
d02an9z,__  i m glad you like it,pokemon,gaming,2016-02-16 20:16:36+00:00,2.0,0.0,6598,5680,0.0,7,24,12280.0
d01esjt,my gamestop ran out of mew codes and so i found a very generous person to give me one online  but i do nt know how to actually download it any help,pokemon,gaming,2016-02-16 02:14:23+00:00,1.0,0.0,347,3571,0.0,32,147,3919.0
d00q2l7,very clever    this is a brilliant idea and beautiful execution,pokemon,gaming,2016-02-15 15:53:46+00:00,15.0,0.0,784,5762,0.0,10,63,6561.0
d01fli7,did he choose you,pokemon,gaming,2016-02-16 02:35:35+00:00,2.0,0.0,1,24,0.0,4,17,27.0
d021ro8,this is so legit,pokemon,gaming,2016-02-16 16:55:26+00:00,1.0,0.0,0,0,,4,16,1.0
d012adz,oh man  the team rocket moving in and out of the bush made this for me,pokemon,gaming,2016-02-15 20:52:17+00:00,3.0,0.0,0,0,,16,70,3.0
d02rh1r,what everyone else said about walking with pokemon and join avenue plus the ability to change clothes and face,pokemon,gaming,2016-02-17 03:07:52+00:00,1.0,0.0,45,1857,0.0,19,110,1903.0
d019gz8,and not a single eeveelution was eliminated that round damn,pokemon,gaming,2016-02-15 23:53:28+00:00,7.0,0.0,0,0,,10,59,7.0
d00pl5r,calcium  zinc  and pp max these were the ingredients chosen to make the perfect little pok  mon  but professor sycamore accidentally added an extra ingredient to the concoction chemical x  thus the power puff mon were born  using their ultra super powers diancie  magearna  and hoopa have dedicated their lives to fighting crime and the forces of evil,pokemon,gaming,2016-02-15 15:40:18+00:00,33.0,0.0,49,474,0.0,58,351,556.0
d02tqv9,pokemon black and white i had nt touched my ds in over a year i blew through a gift copy of diamond and was nt all that impressed  did the same with soul silver then stopped giving a shit i bought a new ds lite and picked up black it was awesome best story i had seen in a long time and for some reason it felt like red to me everything felt new and oh my god the graphics and even the music was top grade for pokemon,pokemon,gaming,2016-02-17 04:11:38+00:00,1.0,0.0,0,0,,89,417,1.0
d022igq,crystal mostly because it was the last to feature sugimori s artwork,pokemon,gaming,2016-02-16 17:13:05+00:00,2.0,0.0,2240,2566,0.0,12,68,4808.0
d0114u1,reminds me of dobby,pokemon,gaming,2016-02-15 20:24:59+00:00,4.0,0.0,0,0,,4,19,4.0
d021cgn,gen 1  eevee gen 2  suicune gen 3  milotic gen 4  gliscor gen 5  zoroark  my favorite  gen 6  greninja,pokemon,gaming,2016-02-16 16:45:31+00:00,1.0,0.0,918,98,0.0,20,102,1017.0
d01jc3l,is that danny sexbang  yah lewd it just had to be a grammar nazi  but the english is nt strong with this one,pokemon,gaming,2016-02-16 04:15:38+00:00,-3.0,0.0,0,0,,23,108,-3.0
d00sd8v,christ,pokemon,gaming,2016-02-15 16:53:40+00:00,63.0,0.0,54,1353,0.0,1,6,1470.0
d01ayiz,damn it  houndoom is out of the competition  how could you guys fail me,pokemon,gaming,2016-02-16 00:33:33+00:00,3.0,0.0,0,0,,14,71,3.0
d00rfsr,nice  kinda makes you look like magearna,pokemon,gaming,2016-02-15 16:29:55+00:00,-3.0,0.0,0,0,,7,40,-3.0
d02v5uu,i thought you were doing zeldathon stuff,pokemon,gaming,2016-02-17 04:54:29+00:00,1.0,0.0,1,17,0.0,7,40,19.0
d00o987,this is so dumb  its amazing,pokemon,gaming,2016-02-15 15:00:49+00:00,1.0,0.0,1,12,0.0,6,28,14.0
d00opru,not disrespecting the pokemon commercial  i really enjoyed it   but winning this year was nt too hard most of the super bowl commercials sucked hardcore this year i swear if i see that god damn mountain dew commercial 1 more time i ll scream what the hell were they thinking,pokemon,gaming,2016-02-15 15:15:11+00:00,56.0,0.0,938,9839,0.0,50,274,10833.0
d02a6xd,does the trainers in vietnamese crystal count,pokemon,gaming,2016-02-16 20:06:20+00:00,17.0,0.0,88,1331,0.0,7,45,1436.0
d01f38g,hooray for katsucon,pokemon,gaming,2016-02-16 02:22:13+00:00,1.0,0.0,0,0,,3,19,1.0
d016iml,this is actually a brilliant idea and i d love to see it implemented,pokemon,gaming,2016-02-15 22:36:19+00:00,3.0,0.0,0,0,,14,68,3.0
d01y5lu,magikarp  blue,pokemon,gaming,2016-02-16 15:25:15+00:00,1.0,0.0,1,416,0.0,2,14,418.0
d010mpd,literally every green shiny in existence,pokemon,gaming,2016-02-15 20:12:46+00:00,5.0,0.0,1,35,0.0,6,40,41.0
d02k3lc,what is wrong with that kids greninja  does it have skin cancer or something,pokemon,gaming,2016-02-16 23:58:40+00:00,-3.0,0.0,83,2344,0.0,14,76,2424.0
d00rma7,the hair looks like moms from futurama love your work,pokemon,gaming,2016-02-15 16:34:34+00:00,2.0,0.0,1,3831,0.0,10,53,3834.0
d029ozm,lmfao sooooo cute,pokemon,gaming,2016-02-16 19:55:16+00:00,1.0,0.0,1,183,0.0,3,17,185.0
d02ncfu,i played first gen because my older sister played it she lost interest in pokemon afterwards and then so did i i started playing again when a friend in elementary school introduced me to the latest pokemon game  pokemon diamond my elementarymiddle school friends have stopped playing pokemon  but i have nt stopped playing since,pokemon,gaming,2016-02-17 01:21:50+00:00,1.0,0.0,0,0,,55,328,1.0
d009qx8,so  the other one felt italian with kind of a soft g this one seems like a hard g  with  gear  being the focus like  magearna wonder how it s pronounced,pokemon,gaming,2016-02-15 03:24:27+00:00,40.0,0.0,1918,6927,1.0,31,152,8885.0
d02ih9b,holy fuckle here comes shuckle,pokemon,gaming,2016-02-16 23:15:14+00:00,2.0,0.0,8208,24166,0.0,5,30,32376.0
d018o6c,wow charizard and pikachu are gone and rapidash is still in admittedly lucario and greninja are tough competition but still,pokemon,gaming,2016-02-15 23:32:16+00:00,2.0,0.0,0,0,,20,123,2.0
d015kpg,that s so cute  but his head is a little bit small,pokemon,gaming,2016-02-15 22:12:33+00:00,2.0,0.0,0,0,,12,50,2.0
d00odvn,lucario and weavile just look awful really gt  gt,pokemon,gaming,2016-02-15 15:04:57+00:00,2.0,0.0,0,0,,9,49,2.0
d02t7oa,i actually find completing the pok  dex fun  3 the only mons i transfer from an old game to a new game are my legendary collection and battleready pkmn but i ll only do that after i m done with the story  3,pokemon,gaming,2016-02-17 03:56:04+00:00,4.0,0.0,43,1116,0.0,43,206,1163.0
d00bf4o,mgearna,pokemon,gaming,2016-02-15 04:19:03+00:00,173.0,0.0,0,0,,1,7,173.0
d00zawb,omg this is beautiful i love it  i wish i could make clothing,pokemon,gaming,2016-02-15 19:40:38+00:00,2.0,0.0,0,0,,13,61,2.0
d00vqyc,starburst is nt very soft i m curious if you had to first prechew the candy to get it pliable,pokemon,gaming,2016-02-15 18:16:06+00:00,1.0,0.0,1112,1269,0.0,20,93,2382.0
d02l56t,this was before generation six  but  check out what i did a few years ago   http  iimgurcomyxeze89png   cards   http  imgurcomatxhfq  and  rulebook   http  imgurcoma35yes  0   too  something to keep in mind is that making a single board for the whole world means that you ca nt have so many territories per region 30 territories for unova is waaaaaay too many  compare with asia in regular risk and you ll see what i mean  good luck,pokemon,gaming,2016-02-17 00:25:45+00:00,3.0,0.0,9342,60320,0.0,75,432,69665.0
d004oxm,wobafett is the only wobbuffet nickname you ll ever need,pokemon,gaming,2016-02-15 00:50:31+00:00,1.0,0.0,6,13,0.0,10,56,20.0
d02vrty,i know it s played up for comedy  but it s a little sad that he glances over the whole point of team plasma they re not really bad guys  at least their cause   it s just that their leader is playing them for an evil scheme,pokemon,gaming,2016-02-17 05:14:12+00:00,1.0,0.0,617,13711,0.0,47,222,14329.0
d020y2y,will pokemon bank be usable with the new blue  red  and yellow 3ds games,pokemon,gaming,2016-02-16 16:36:06+00:00,1.0,0.0,16,72,0.0,14,72,89.0
d02c6pw,the brock wants to fight,pokemon,gaming,2016-02-16 20:49:54+00:00,2.0,0.0,3643,162782,1.0,5,24,166427.0
d01nmw8,this gives off a  to the moon  vibe,pokemon,gaming,2016-02-16 06:46:49+00:00,5.0,0.0,0,0,,8,35,5.0
d00acz9,the name change is expected the  gia      part is supposed to be a romanization of gear  at least the pokemon company international did nt butcher this pokemon s name too badly i was expecting magiana s english name to be maklinka  klink s japanese name is giaru  which includes     but magearna is not bad,pokemon,gaming,2016-02-15 03:44:13+00:00,9.0,0.0,0,0,,54,306,9.0
d02q1jr,and more fiddly lower screen b    s     this was my exact reaction when i first turned pokemon white on and started playing,pokemon,gaming,2016-02-17 02:30:19+00:00,2.0,0.0,1,-2,0.0,22,123,1.0
d02v6bi,i m still gon na go and see what i can get i did nt read the fine print that said anything about it being children only screw that nonsense  if i buy one of those new expansion packs or whatever  they better damn give me those two cards  also  i live in a podunk area  so hopefully they wo nt have much traffic and are just gon na go ahead and give me the free cards without any questions i do nt have any kids i can borrow  so if anything i ll try and makeup some story about  my child  being sick or that im surprising them or whatever,pokemon,gaming,2016-02-17 04:54:53+00:00,1.0,0.0,0,0,,111,537,1.0
d02mwq7,ha cradily  and the other fossils  were a pain in the ass to get also the sinnoh starters are hard to find imo,pokemon,gaming,2016-02-17 01:10:46+00:00,2.0,0.0,680,40140,1.0,23,110,40822.0
d02ox5b,very nice  and bianca 2 years later is pretty sexy b,pokemon,gaming,2016-02-17 02:01:26+00:00,0.0,0.0,0,0,,11,52,0.0
d027iza,as much as i like hypno  i d have to say it s the creepiest because  there once was an incident in which it took away a child it hypnotized   also  yamask because it  carries a mask that used to be its face when it was human  amp   sometimes they look at it amp  cry   that sounds more sad than creepy  but the thought of a human dying amp  becoming a miserable pok  mon is quite unsettling,pokemon,gaming,2016-02-16 19:06:48+00:00,12.0,0.0,1712,838,0.0,77,390,2562.0
d02twll,the last new pokemon games i had were sapphire amp  leafgreen i stopped keeping up with new games after that because i was going into high school  so my priorities completely changed  plus i did nt have the money to purchase the ds  and would have been too embarrassed to ask for it as a gift   in university i could nt afford to buy a new console either  so i started playing the newer games on emulators i have a job and a lot of free time now  so i spontaneously decided to get a 2ds even though i had other priorities for a while  i did nt totally lose interest  because i still played my gba and gbc pokemon games the entire time what kept me away was lack of cash flow  and i came back because i can now afford it  and i just missed playing new pokemon games,pokemon,gaming,2016-02-17 04:16:17+00:00,1.0,0.0,124,1328,0.0,151,764,1453.0
d02fjzu,i thought i was too old for it  then  i got diabetes  and i was paralysed at hospital my older brother bought pokemon y for me  as he could nt be my side all night long  the noises from the other person did nt allow me more than 1 hour of sleep per night   as pok  mon saved me from boredom  i ve gotten into it again,pokemon,gaming,2016-02-16 22:04:55+00:00,2.0,0.0,0,0,,67,317,2.0
d015gaf,needs more morty,pokemon,gaming,2016-02-15 22:09:24+00:00,-8.0,0.0,1,1390,0.0,3,16,1383.0
d01x285,that is one beautiful drawing,pokemon,gaming,2016-02-16 14:53:51+00:00,8.0,0.0,1,142,0.0,5,29,151.0
d02kjxp,for me  it was always a money issue  growing up  i bought myself all the games red  blue  yellow  gold  silver  crystal  even ruby and sapphire i loved them to death but then i graduated high school  and went to college college was hard  and after struggling there for four years  i had no job to speak of times were hard  part of me always loved pokemon though always remembered the great times we had growing up after many  many long years of barely scraping by  i moved across the country a few times before settling into my current job it s a very boring job  with lots of dead time so i loaded up a gba emulator on my kindle  popped in emerald  because i had dreams of getting a mew finally   and something clicked again the world i had left changed drastically  and i knew i wanted back in  eventually i discovered a neat little game shop just down the street from my place i met the owner  and we ve become great friends and it s all because i did nt want to shut up about pokemon when he was chatting to one of the other customers about it  now  it s over two years later  i have a 3ds  two ds s  and a copy of every gen v game but w2  and all the gen vi games after nearly twenty damned years   i have my mew   and i am more excited over pokemon than i have ever been  but i think the real reason why i ve come back now is all thanks to oras i m so glad i picked as for my first gen vi title  because it s shown me what an absolutely exciting place that pokemon is right now  and what a wonderful place it s going to continue changing into,pokemon,gaming,2016-02-17 00:10:29+00:00,2.0,0.0,1,649,0.0,310,1548,652.0
d025e2s,pelipper for some reason  whenever an aicontrolled one uses protect  it feels like it has a 100  success rate but maybe that s just me,pokemon,gaming,2016-02-16 18:18:46+00:00,2.0,0.0,0,0,,25,134,2.0
d00ud72,lists everyone but psyduck  psy,pokemon,gaming,2016-02-15 17:42:57+00:00,12.0,0.0,0,0,,5,31,12.0
d02mehk,i ll make a short list  lighting rod  pichu  pikachu galewings fletchling anticipation  eevee contray  snivy just to name a few,pokemon,gaming,2016-02-17 00:57:27+00:00,2.0,0.0,1,476,0.0,21,127,479.0
d02tc4m,how is this taken down but not pokemon showdown,pokemon,gaming,2016-02-17 03:59:38+00:00,2.0,0.0,41,1401,1.0,9,47,1444.0
d0290xm,gastly in ep 20the voice they used for himi could nt get it out of my head it was just majorly disturbing,pokemon,gaming,2016-02-16 19:40:26+00:00,2.0,0.0,0,0,,22,105,2.0
d02v4ne,i have one na code for mew to give away to win  you must simply tell me the correct answer to this question  what is the sum of the first 5 weird numbers  good luck  edit  math solved  code gone,pokemon,gaming,2016-02-17 04:53:27+00:00,1.0,0.0,1,12,0.0,40,194,14.0
d01r8xu,this makes me think of mega gardevoir,pokemon,gaming,2016-02-16 10:17:15+00:00,1.0,0.0,108,4260,0.0,7,37,4369.0
d00lhc1,damn i totally forgot about that show s outro song so now i ll have that stuck in my head all day are you satisfied op  also made me remember  signal in the sky   https  wwwyoutubecomwatch  v  iuyrqixu250   which is still just as catchy as i remember it,pokemon,gaming,2016-02-15 13:15:08+00:00,22.0,0.0,3,12686,0.0,48,253,12711.0
d00diq3,how the fuck do you pronounce that,pokemon,gaming,2016-02-15 05:36:05+00:00,3.0,0.0,3579,61155,0.0,7,34,64737.0
d01bxlg,white kyurem has  sugimori art   http  cdnbulbagardennetupload881646kyuremwhitepng   too,pokemon,gaming,2016-02-16 00:59:57+00:00,7.0,0.0,0,0,,8,88,7.0
d02lxde,seems like a good chunk of these teams are cheap as hell most have at least one mega  one legendary andor one primal,pokemon,gaming,2016-02-17 00:45:12+00:00,1.0,0.0,266,3462,0.0,23,116,3729.0
d014i16,what is it from,pokemon,gaming,2016-02-15 21:46:00+00:00,4.0,0.0,1,996,0.0,4,15,1001.0
d01acqp,sobs quietly,pokemon,gaming,2016-02-16 00:17:14+00:00,8.0,0.0,825,1691,0.0,2,12,2524.0
d02m30f,gt  tpci wants to celebrate 20th anniversary of series  gt  proceeds to take down fan videos which are part of that 20 year history and contain large amount of work  showing devotion and dedication to said series  gt  reaction by everyone not at tpci   wtf,pokemon,gaming,2016-02-17 00:49:09+00:00,90.0,0.0,1,2094,1.0,45,256,2185.0
d02p1qd,should i mention that the man behind it pays money to the pokemon company to make their music,pokemon,gaming,2016-02-17 02:04:39+00:00,22.0,0.0,62,1091,0.0,18,93,1175.0
d01mwvt,nice gown  but honestly i m looking at the floor going  oh my god i ca nt wait for magfest,pokemon,gaming,2016-02-16 06:16:22+00:00,1.0,0.0,0,0,,20,90,1.0
d01eka8,not a good round for me almost my entire top ten pokemon were eliminated today alone  the cyndaquil line was taken out in  one fell sweep   http  25mediatumblrcomtumblr_m4d0p6vsjz1roqungo1_500jpg,pokemon,gaming,2016-02-16 02:08:23+00:00,2.0,0.0,0,0,,28,195,2.0
d00hbdz,i m very happy with this    i hope the commercial really makes an effect and that there will be big announcements this year  edit  changed emoticon,pokemon,gaming,2016-02-15 08:42:53+00:00,19.0,0.0,965,287,0.0,26,147,1271.0
d02b6q5,there is a bug catcher in the viridian forest in hgss with a level 60 metapod that only knows harden,pokemon,gaming,2016-02-16 20:28:22+00:00,30.0,0.0,1,2039,0.0,20,100,2070.0
d02rymg,i stopped after gen 2  i saw that there were remakes in early 2013 played both fire red and heart gold and while searching the internet for help i was finding youtube videos on x and y coming out and i really liked what i saw  after having a lot of fun with the remakes i got x and i went all in,pokemon,gaming,2016-02-17 03:21:12+00:00,1.0,0.0,0,0,,63,295,1.0
d02d9k9,odd question but  how tall are you,pokemon,gaming,2016-02-16 21:14:07+00:00,4.0,0.0,1828,7555,0.0,7,34,9387.0
d00tx5i,that s a damn shame,pokemon,gaming,2016-02-15 17:32:12+00:00,15.0,0.0,0,0,,5,19,15.0
d015ox6,i ll do all  since i love every region kanto  charizard johto  cyndaquillugia hoenn  sceptile sinnoh  infernape unova  oshawott kalos  greninja  my favourite  seems  like i really love starters  p,pokemon,gaming,2016-02-15 22:15:33+00:00,15.0,0.0,1205,23426,0.0,30,196,24646.0
d010d7c,this is more diverse than early britain,pokemon,gaming,2016-02-15 20:06:22+00:00,1.0,0.0,202,3839,0.0,7,39,4042.0
d00wrov,bruh that s hella kinky,pokemon,gaming,2016-02-15 18:40:34+00:00,124.0,0.0,0,0,,5,23,124.0
d00mcy2,i like it you matched the art style very well at first i was a little confused and thought the work you did was just some art for gb era pokemon that i ve never seen,pokemon,gaming,2016-02-15 13:54:08+00:00,22.0,0.0,0,0,,36,165,22.0
d00qlr5,all of the green ones  green is almost always a terrible  terrible idea,pokemon,gaming,2016-02-15 16:08:02+00:00,14.0,0.0,240,10245,0.0,13,71,10499.0
d025z95,we need a video of your bellossom dance,pokemon,gaming,2016-02-16 18:32:01+00:00,0.0,0.0,25229,56211,0.0,8,39,81440.0
d02hmeg,poor slugma is grey   also  i always thought miltank  gen ii sprite  as well as swinub  snubbulland claydol look like the printer ran out of ink or something  or undersaturated edit  spelling,pokemon,gaming,2016-02-16 22:53:48+00:00,1.0,0.0,19,406,0.0,32,191,426.0
d028w2i,you saying about mrmime being creepy reminded me of this http  40mediatumblrcom60eb3fafdba0a04f5cf87c5b5227e118tumblr_mwpc838gey1qgwypxo1_1280jpg,pokemon,gaming,2016-02-16 19:37:26+00:00,7.0,0.0,1,2182,0.0,12,145,2190.0
d015nbf,do you have a pattern or tutorial to pass down your wisdom,pokemon,gaming,2016-02-15 22:14:26+00:00,3.0,0.0,0,0,,12,58,3.0
d00z9kl,ur hot,pokemon,gaming,2016-02-15 19:39:43+00:00,-17.0,0.0,1,-19,0.0,2,6,-35.0
d01h36i,gen 1 is my all time favourite  and so gengar gets my vote,pokemon,gaming,2016-02-16 03:14:46+00:00,2.0,0.0,1,841,0.0,13,58,844.0
d02w5ww,she belongs in your ds  not your heart,pokemon,gaming,2016-02-17 05:27:29+00:00,1.0,0.0,610,1441,0.0,8,38,2052.0
d02md3n,how has nobody mentioned the mr bonding  s   like what the fuck even happened there  they surrounded an innocent civilian  preformed an ancient satanic art  got absorbed into his body and granted him the power to  bond  with people wtf is even going on here   and you just know he s raping your trainer during his  bonding,pokemon,gaming,2016-02-17 00:56:26+00:00,11.0,0.0,3982,8459,0.0,57,322,12452.0
d02asdd,some of the people you can ride the ferris wheel in nimbasa city with give off a bit of a pedo vibe,pokemon,gaming,2016-02-16 20:19:40+00:00,13.0,0.0,3303,5051,0.0,22,99,8367.0
d010j4g,honestly  while i m perfectly fine with shiny espeon  it is quite controversial  and i d definitely prefer a different color for it stadium 2 actually did a fantastic job with shiny espeon  making it more of a minty green rather than a neon green xy did make it more tolerable with a more grassgreen color  but yeah  i d love for it to just avoid green altogether and go with cyanlightblue,pokemon,gaming,2016-02-15 20:10:23+00:00,3.0,0.0,124,1123,0.0,72,389,1250.0
d00xpdb,lewd   http  iimgurcomcbc5faojpg,pokemon,gaming,2016-02-15 19:02:41+00:00,135.0,0.0,0,0,,3,32,135.0
d01m1oi,you should look into sugimori s art in pokemon tcg i remember there was one with gym leader theme,pokemon,gaming,2016-02-16 05:42:52+00:00,2.0,0.0,0,0,,19,97,2.0
d0170al,umbreon man fuck that thing it s so annoying in battle that it found its way to my least favorite pokemon spot,pokemon,gaming,2016-02-15 22:48:52+00:00,2.0,0.0,0,0,,22,110,2.0
d01fdrn,is anyone able to eli5 hidden abilities please  i read online that people look for pokemon with the ha that they want  but how do they know if it s hidden     thanks for any replies,pokemon,gaming,2016-02-16 02:29:59+00:00,2.0,0.0,58,1451,0.0,35,181,1511.0
d02k1t2,so cute,pokemon,gaming,2016-02-16 23:57:19+00:00,3.0,0.0,151,58663,0.0,2,7,58817.0
d02vy31,you have great talent dude,pokemon,gaming,2016-02-17 05:19:56+00:00,1.0,0.0,1,142,0.0,5,26,144.0
d015dhr,what happened to chalk,pokemon,gaming,2016-02-15 22:07:30+00:00,1.0,0.0,1,32461,0.0,4,22,32463.0
d0155a6,anyone know where i can find a poke ballgag,pokemon,gaming,2016-02-15 22:01:43+00:00,-3.0,0.0,0,0,,9,43,-3.0
d01a1os,you look like a disney princess with that  i do nt know if all ball gowns work like that,pokemon,gaming,2016-02-16 00:08:56+00:00,0.0,0.0,9160,36914,0.0,19,88,46074.0
d00vuao,all of them i have recouloured the first four generations of pokemon and started working on the fifth  i had to divide the pictures into 20 albums because imgur has put a limit of 150 pictures per album i welcome any critique  mentioning of favourites and least favourites  gen i  gen i part 1   http  imgurcomavtr4aall   gen i part 2   http  imgurcomaagnb1all   gen i part 3   http  imgurcoman5h2tall   gen i part 4   http  imgurcomaapnqaall   gen i part 5   http  imgurcomatrwqkall  gen ii  gen ii part 1   http  imgurcoma4lwr8all   gen ii part 2   http  imgurcomaahhaoall   gen ii part 3   http  imgurcoma0r2y2all   gen ii part 4   http  imgurcoma1sft8all   gen ii part 5   http  imgurcoma8vmn2all  gen iii  gen iii part 1   http  imgurcomad9fudall   gen iii part 2   http  imgurcoma42qsmall   gen iii part 3   http  imgurcomagvehtall   gen iii part 4   http  imgurcomajjslsall   gen iii part 5   http  imgurcoma0zb6rall  gen iv  gen iv part 1   http  imgurcomabwqnkall   gen iv part 2   http  imgurcomauzl8yall   gen iv part 3   http  imgurcoma3kpkaall   containing the notorious gible line   gen iv part 4   http  imgurcomajzcc5all   gen iv part 5   http  imgurcoma6rwq7all,pokemon,gaming,2016-02-15 18:18:23+00:00,4.0,0.0,0,0,,181,1178,4.0
d00tre8,i wish vaporeon s shiny was a different color i m not a fan of the pink i d be fine with a more grayish purple  think haunter   or a grey or teal,pokemon,gaming,2016-02-15 17:28:16+00:00,1.0,0.0,550,2874,0.0,33,145,3425.0
d00pj85,am i the only one who thinks the new ones are dumb looking,pokemon,gaming,2016-02-15 15:38:47+00:00,-4.0,0.0,152,7537,0.0,13,58,7685.0
czzwlug,how did he make that helmet,pokemon,gaming,2016-02-14 20:52:07+00:00,1.0,0.0,1498,66096,0.0,6,27,67595.0
d02rp8s,cant you counter claim this,pokemon,gaming,2016-02-17 03:14:09+00:00,2.0,0.0,382,844,0.0,5,27,1228.0
d01bv1m,ahhhhh    bae has made it through another round   d keep it up,pokemon,gaming,2016-02-16 00:58:00+00:00,1.0,0.0,0,0,,12,62,1.0
d02m3wk,eminently unfunny,pokemon,gaming,2016-02-17 00:49:48+00:00,3.0,0.0,1860,1878,0.0,2,17,3741.0
d02w7tz,i made myself a living pokedex  but i may play the game normally before transferring it to the next game,pokemon,gaming,2016-02-17 05:29:23+00:00,1.0,0.0,0,0,,20,104,1.0
d02nzvr,kanto  squirtle johto  lanturn  favorite pokemon  not region though  hoenn  mudkip  this is probably my favorite region  sinnoh  um torterra  i guess i was nt a fan of sinnoh  unova  dewott for sure  kalos  froakie,pokemon,gaming,2016-02-17 01:38:10+00:00,1.0,0.0,4160,43360,0.0,35,214,47521.0
d01wzx3,this is awesome its helpful when you are on the go and ca nt remember  like me  what affects or does nt affect what,pokemon,gaming,2016-02-16 14:51:54+00:00,1.0,0.0,1,142,0.0,24,115,144.0
d01j85y,shiny mew,pokemon,gaming,2016-02-16 04:12:29+00:00,1.0,0.0,343,97,0.0,2,9,441.0
d00uev7,that s disgusting  lol  2014 is like a distant memory,pokemon,gaming,2016-02-15 17:44:04+00:00,29.0,0.0,1,442,0.0,10,53,472.0
d010kka,still more variety than vgc 2015   http  iimgurcomzqjqbxhpng,pokemon,gaming,2016-02-15 20:11:21+00:00,6.0,0.0,719,8175,0.0,8,60,8900.0
d02raz4,page doesnt load,pokemon,gaming,2016-02-17 03:03:20+00:00,4.0,0.0,197,2998,0.0,3,16,3199.0
d02pseb,join avenue  street pass  profit that place was so good for a bit of extra farming 6th gen would work wonders for it,pokemon,gaming,2016-02-17 02:23:41+00:00,1.0,0.0,1,442,0.0,23,116,444.0
d01z0q2,gliscor good luck getting rid it when it spams protect and substitute while getting healed by its toxic orb,pokemon,gaming,2016-02-16 15:48:27+00:00,2.0,0.0,212,639,0.0,19,107,853.0
d018v1u,haunt haunt haunt   d,pokemon,gaming,2016-02-15 23:37:19+00:00,2.0,0.0,487,1008,0.0,4,21,1497.0
d00tssx,half of them are the exact same  assuming movesets follow  this is why we make our own rules in smogon,pokemon,gaming,2016-02-15 17:29:13+00:00,6.0,0.0,70,3546,0.0,20,102,3622.0
d01ukx9,you colored these digitally  i d love to see your process on how you did the watercolor style in photoshop or whatever,pokemon,gaming,2016-02-16 13:27:28+00:00,2.0,0.0,0,0,,22,118,2.0
d00v7d5,torterra s shiny from dppt looked great with the more tile blue color shared with the shiny colors of its preevolutions unfortunately  someone had the bright idea in hgss to change torterra s shiny to just being that awful light green and leave his preevs  shiny colors in tact this is the shiny that makes me the angriest because they got it right the first time and then decided to ruin it,pokemon,gaming,2016-02-15 18:03:02+00:00,8.0,0.0,10,893,0.0,72,391,911.0
d02594e,what are her iv sability,pokemon,gaming,2016-02-16 18:15:41+00:00,-3.0,0.0,55,625,0.0,5,24,677.0
d02q5zu,golbat s gen 1 sprite creeped me out so much as a child,pokemon,gaming,2016-02-17 02:33:31+00:00,1.0,0.0,1,347,0.0,13,55,349.0
d00ow5k,i have been away from pokemon for a while it seems  who is the one on the left,pokemon,gaming,2016-02-15 15:20:35+00:00,3.0,0.0,108,15226,0.0,18,78,15337.0
d02ltmo,as fancy as these may be  i d rather just pay  10  for a set on etsy,pokemon,gaming,2016-02-17 00:42:31+00:00,2.0,0.0,266,3462,0.0,17,68,3730.0
d00vq92,this would have been upvoted with a decent or ugly person because the dress looks good  but now it s superupvoted because you look good  beautiful  the dress and yourself keep it up,pokemon,gaming,2016-02-15 18:15:38+00:00,-28.0,0.0,0,0,,33,181,-28.0
d01i8x5,roggenrola it always has sturdy,pokemon,gaming,2016-02-16 03:45:37+00:00,9.0,0.0,5,4892,0.0,5,31,4906.0
d02ug6e,i always liked the art for gen 3  mainly because the cartridges themselves are coloured to match the game  and the stickers are shiny i also liked crystal s cartridge because it had sparkles in it,pokemon,gaming,2016-02-17 04:32:23+00:00,1.0,0.0,124,1328,0.0,36,196,1453.0
d02tehm,my friend kind of forced me to get cards to play the tcg with him  and also pokemon rby coming on eshop,pokemon,gaming,2016-02-17 04:01:36+00:00,1.0,0.0,0,0,,22,103,1.0
d0123h6,shiny zorua looks great with its blue and black theme shiny zoarack just looks bad with purple instead of red  if it had followed zorua with blue it would look great,pokemon,gaming,2016-02-15 20:47:44+00:00,2.0,0.0,61,4774,0.0,31,165,4837.0
d02v5nr,black amp  white   https  wwwredditcomrpokemoncommentsbohklpokemon_black_and_white_announced_as_the_gen_v  i found this  looking for xy,pokemon,gaming,2016-02-17 04:54:18+00:00,1.0,0.0,0,0,,11,135,1.0
d02b073,bah  that would require effort,pokemon,gaming,2016-02-16 20:24:27+00:00,4.0,0.0,0,0,,5,30,4.0
d020o1t,this is pretty cool,pokemon,gaming,2016-02-16 16:29:24+00:00,1.0,0.0,0,0,,4,19,1.0
d0224g1,2 options  do they prefer storygraphics or simplicityadventure  if the first  blackwhite if the second  redblueyellowfireredleafgreen,pokemon,gaming,2016-02-16 17:03:52+00:00,4.0,0.0,3548,5900,0.0,16,133,9452.0
d004j3j,wobbuffet is my favorite pokemon i would marry this man,pokemon,gaming,2016-02-15 00:45:22+00:00,1.0,0.0,5626,44965,0.0,10,55,50592.0
d02m4j0,how can i get constant 6v6 battles  i mean  i am not feeling it roaming the net for friend codes  and usually pss and battle spot leads to uber andor diversity zero teams  i know showdown is a thing but the place gives me the creeps and i prefer ingame matches  yeah is a kinda vague question,pokemon,gaming,2016-02-17 00:50:17+00:00,1.0,0.0,2676,2748,0.0,57,292,5425.0
d027djy,that couple with cloyster and onix,pokemon,gaming,2016-02-16 19:03:21+00:00,77.0,0.0,719,8175,0.0,6,34,8971.0
d02u5y7,reposting what utheunclebob put in the rnintendo thread  gt  i m just going to throw this out there  but tpc probably has some fairly highpaid lawyers anyone saying that tpc is in error or preo had the license to do this i d put  5 down that you re wrong i feel that  in some way  preo violated the exact terms of the license and thus  tpc put the hammer down it s possible they re mistaken  but that s a pretty huge mistake  gt  now  assuming we re hearing the whole story  they re being a     about it if tpc ca nt be contacted by preo  or  better yet  contact him before the legal action  to determine what the issues was and how to fix it  well  that s just s      of them  gt  as for youtube  they are not at fault if preo is in violation of his license agreement and tpc has logded a complaint  nothing youtube can do except comply it s the law and all  contrary to the gut reaction  tpci has done nothing but support the community with their actions lately  especially on the tcg side of things   and comes across as a much more progressive company to fan response than nintendo  this is really odd  and i have a feeling something behind the scenes is going on,pokemon,gaming,2016-02-17 04:23:58+00:00,4.0,0.0,253,7489,0.0,224,1167,7746.0
d00zpee,this  article   http  wwwpokemoncomusstrategy2016winterregionalchampionships2016vgpreview  on the tpci seems satirical after this post,pokemon,gaming,2016-02-15 19:50:15+00:00,1.0,0.0,325,168,0.0,12,134,494.0
d021dxt,awww  now i wish i would own explorers of the sky   shinx is so cute alas  i only have explorers of time,pokemon,gaming,2016-02-16 16:46:29+00:00,2.0,0.0,1,2542,0.0,22,104,2545.0
d00joxm,azelf  uxie  and mesprit are sad now,pokemon,gaming,2016-02-15 11:29:13+00:00,190.0,0.0,326,13388,0.0,7,36,13904.0
d0263pu,ou and uber galore  thank god i did nt participate this year,pokemon,gaming,2016-02-16 18:34:47+00:00,1.0,0.0,28,661,0.0,12,60,690.0
d00tzh5,pokemon on the left,pokemon,gaming,2016-02-15 17:33:47+00:00,1.0,0.0,0,0,,4,19,1.0
d00vzp6,this was for katsucon  i take it  awesome dress shame the con was so aggressively meh,pokemon,gaming,2016-02-15 18:22:02+00:00,20.0,0.0,100996,208341,1.0,16,85,309357.0
d02b93o,best pokemon around,pokemon,gaming,2016-02-16 20:29:47+00:00,2.0,0.0,1413,11879,1.0,3,19,13294.0
d028mgm,dont forget that orre and almia and all the other spinoff regions exist,pokemon,gaming,2016-02-16 19:31:32+00:00,5.0,0.0,805,6585,0.0,13,71,7395.0
d00pce2,i really hope cartoon network does nt ruin the franchise with this  new show   https  wwwyoutubecomwatch  v  kuxprmizqis  but anyway  nice art,pokemon,gaming,2016-02-15 15:33:24+00:00,9.0,0.0,7143,1449,0.0,22,142,8601.0
d01wsbq,that s really cool,pokemon,gaming,2016-02-16 14:45:30+00:00,2.0,0.0,0,0,,4,18,2.0
d0052e0,bulbafett    http  iimgurcomt3uhbuejpg    post    https  wwwredditcomrgamingcomments2gho82bulba_fett,pokemon,gaming,2016-02-15 01:02:26+00:00,3.0,0.0,0,0,,6,100,3.0
d02gglf,i grew bored of pokemon around gen 4 i did nt even know about those games until the day i bought my ds lite my dad offered to buy me a game so he got me diamond i just got it because it was pokemon then i just kind of put pokemon on the back burner when gen 5 was announced the fire was inginited and i fell in love with the series again,pokemon,gaming,2016-02-16 22:26:01+00:00,2.0,0.0,0,0,,74,337,2.0
d02v2kg,some more f       birds  that was when i knew it was perfect bw had so many flying types  also how dare they come at chandelure like that   i still laughed though,pokemon,gaming,2016-02-17 04:51:37+00:00,1.0,0.0,8,2529,0.0,31,162,2538.0
d01bmkf,no why,pokemon,gaming,2016-02-16 00:51:39+00:00,4.0,0.0,64,956,0.0,2,6,1024.0
d01f26k,gen 5  either scolipede or scrafty,pokemon,gaming,2016-02-16 02:21:27+00:00,2.0,0.0,1,23,0.0,6,34,26.0
d02uwt9,i m not back  i have nt played a game since b2w2 because i feel that the newer games have nt progressed enough to be worth buying a 3ds  if they improve the graphics i might give it a go on their next console,pokemon,gaming,2016-02-17 04:46:41+00:00,1.0,0.0,0,0,,44,208,1.0
d01itms,good job channeling mucha on this,pokemon,gaming,2016-02-16 04:01:17+00:00,1.0,0.0,0,0,,6,33,1.0
d019xml,here is a list of all current videos   normal   https  wwwyoutubecomwatch  v  eoftgm5rtymamp  feature  youtube   fairy   https  wwwyoutubecomwatch  v  laptkmu6anu   fighting   https  wwwyoutubecomwatch  v  vfkzgr4euc   poison   https  wwwyoutubecomwatch  v  rhm2gkzvwkm   dark   https  wwwyoutubecomwatch  v  yti36biajau   ghost   https  wwwyoutubecomwatch  v  4ikvea42xcu   psychic   https  wwwyoutubecomwatch  v  25t5uq_d2y,pokemon,gaming,2016-02-16 00:05:51+00:00,2.0,0.0,0,0,,45,425,2.0
d02epl7,this is goddamn hilarious i just wish i got the reference,pokemon,gaming,2016-02-16 21:46:02+00:00,1.0,0.0,0,0,,11,57,1.0
d01wlsr,these really are incredible i hope you continue to share more,pokemon,gaming,2016-02-16 14:39:53+00:00,1.0,0.0,270,570,0.0,11,61,841.0
d01h1dk,da da da daaa,pokemon,gaming,2016-02-16 03:13:27+00:00,4.0,0.0,91,5303,0.0,4,13,5398.0
d01k45n,goodbye staraptor  crobat and umbreon are the only two left in my major favorites,pokemon,gaming,2016-02-16 04:38:12+00:00,1.0,0.0,0,0,,14,81,1.0
d02ldf3,are there lgbt characters or pokemon,pokemon,gaming,2016-02-17 00:31:27+00:00,-2.0,0.0,1,8201,0.0,6,36,8200.0
d02ou0o,one day i wondered to myself what actually happened in the anime and if ash ever got all 8 badges  when i was a kid  they only got so far before switching back to repeats   so i went back and watched it  and got a massive nostalgia hit while watching  i decided to look up how many episodes there were  and was surprised to find out it was still going and that the games were the main media of the franchise  so i decided to catch up on the anime and try the games  which i immediately loved   as for why i thought of pokemon at all in the first place  it was actually because i stumbled across pokemon porn during one of many such searches in my horny teen years so really i owe it all to the people that draw pokemon porn  which has always amused me,pokemon,gaming,2016-02-17 01:59:17+00:00,1.0,0.0,0,0,,149,751,1.0
d01lcic,gen 2  politoed,pokemon,gaming,2016-02-16 05:18:21+00:00,1.0,0.0,1098,1408,0.0,3,15,2507.0
d01tqur,pokemart employee is a great job they make a fucking ton,pokemon,gaming,2016-02-16 12:50:17+00:00,21.0,0.0,15619,11091,0.0,11,56,26731.0
d00yibs,oh god my insides the pain,pokemon,gaming,2016-02-15 19:21:42+00:00,2.0,0.0,7486,13248,0.0,6,26,20736.0
d02ajh4,n do i need to explain   also  the  hiker  that  goes  with  you  on  the  ferris  wheel,pokemon,gaming,2016-02-16 20:14:15+00:00,35.0,0.0,8682,5501,0.0,17,88,14218.0
d004d7x,it s safe to say this bond was destined to happen,pokemon,gaming,2016-02-15 00:40:14+00:00,2.0,0.0,0,0,,11,49,2.0
d0217v6,yeah  mine is black 2 too,pokemon,gaming,2016-02-16 16:42:32+00:00,3.0,0.0,4460,14685,0.0,6,25,19148.0
d01s0vy,there s a picture guide for those of you who are really interested in giving this a go but might struggle with japanese  http  plasticanomalyblogspotcom201602howtopurchasefrompokemononlinehtml,pokemon,gaming,2016-02-16 11:11:05+00:00,2.0,0.0,27,845,0.0,25,192,874.0
d01irir,ash ketchum ash ketchum needs them all,pokemon,gaming,2016-02-16 03:59:39+00:00,2.0,0.0,1,18,0.0,7,38,21.0
d01dtwu,not gon na lie i thought you just bought a redwhite dress and put a circle cardboard cut out in the middle of it,pokemon,gaming,2016-02-16 01:49:38+00:00,1.0,0.0,16,4484,0.0,24,112,4501.0
d01ehnq,gt  then i shall i turn it into a steelix great grammar check,pokemon,gaming,2016-02-16 02:06:33+00:00,4.0,0.0,414,145775,0.0,13,61,146193.0
d01dcx5,brock took a level in badass in this sketch i like it,pokemon,gaming,2016-02-16 01:37:13+00:00,2.0,0.0,0,0,,12,53,2.0
d029dsi,the scariest thing is the price tag,pokemon,gaming,2016-02-16 19:48:21+00:00,2.0,0.0,6,457,0.0,7,35,465.0
czzruc5,you should go post this on rstarwars as well,pokemon,gaming,2016-02-14 18:35:13+00:00,44.0,0.0,13,3603,0.0,9,44,3660.0
d019rul,gen 3  rayquaza  kyogre  groudon  imo  the weather trio is by far the best designed legendary trio,pokemon,gaming,2016-02-16 00:01:33+00:00,1.0,0.0,1,13759,0.0,17,98,13761.0
d00srb3,wow i saw you at katsucon and you were the best dressed and the ball except for that prince zelda,pokemon,gaming,2016-02-15 17:03:18+00:00,64.0,0.0,1,68,0.0,20,97,133.0
d00yj03,udani_skye  i choose you  you look great,pokemon,gaming,2016-02-15 19:22:11+00:00,2.0,0.0,0,0,,7,40,2.0
d02scsr,evolving pokemon through friendship really makes me happy  when i first played pokemon way back in crystal  i caught a zubat as one of my first pokemon i got it up to golbat and thought that was it for my little friend but later in my adventure  it evolved into crobat i was both excited and confused  not knowing what i did it was nt until later that i learned that it evolves based on happiness it had such a profound impact on me as kid that i pretty much had a crobat in every game from then on  nowadays i ve seemed to have lost most of the heart i had as a kid but my crobat reminds me to enjoy the game and not get too technical,pokemon,gaming,2016-02-17 03:31:59+00:00,2.0,0.0,1,762,0.0,129,635,765.0
d02p055,apricots would be ideal but i ll throw one out there that probably wo nt be said  the pokeathelon it was essentially mini games but it depended on how good your pokemon naturally was without training  unless you used the bracelets but it hindered and each pokemon had different stats  i loved it in the sense that it took away from the games and provided a different genre,pokemon,gaming,2016-02-17 02:03:32+00:00,1.0,0.0,83,342,0.0,68,372,426.0
d00xn5w,it would be super cool if several hm moves could be substituted for another move that makes sense in the context,pokemon,gaming,2016-02-15 19:01:14+00:00,38.0,0.0,1,389,0.0,21,112,428.0
d02egaz,i guess this confirms z as the next game to be released with the new graphic for the letter z and the emphasis on it  not that  that should surprised anyone at this point personally still waiting on the  hey you pikachu 2  announcement,pokemon,gaming,2016-02-16 21:40:26+00:00,21.0,0.0,7191,10157,0.0,44,235,17369.0
d023tno,hey  her name is caitlyn sphinx and she s an amazing  stunning  beautiful woman  totally not pc bro,pokemon,gaming,2016-02-16 17:43:14+00:00,4.0,0.0,1,30,0.0,18,99,35.0
d01abcf,all the green ones never appealed to me,pokemon,gaming,2016-02-16 00:16:12+00:00,2.0,0.0,0,0,,8,39,2.0
d00zjbf,look at all the different teams,pokemon,gaming,2016-02-15 19:46:13+00:00,2.0,0.0,19,120,0.0,6,31,141.0
d00on9g,as others have said  any shiny that is not immediately identifiable as a shiny should be changed  rapidish should be bright blue  not greysilver the green  pinkpurple  and gold shinies could use a revisit they do nt all have to be changed  but i would like shinies to be interesting variations  not just  uh  it s gold so it s special,pokemon,gaming,2016-02-15 15:13:04+00:00,15.0,0.0,112,11491,1.0,61,334,11618.0
d010py8,weavile imagine the gray skin is swapped for dark blue  its red parts become snow white  the claws become blood red  and its little gold thing in the center of its head becomes light blue  that was a missed opportunity for an awesome shiny,pokemon,gaming,2016-02-15 20:14:59+00:00,3.0,0.0,79,2185,0.0,44,239,2267.0
d00mstv,this is so awesome  top stuff,pokemon,gaming,2016-02-15 14:11:23+00:00,2.0,0.0,3,1,0.0,6,29,6.0
464oj1,the rules are simple  below are 11 match ups of 22 random pokemon all you guys have to do is choose between the two pokemon which is your favorite i will be including all 721 pokemon  but wo nt be including mega evolutions of course a mega evolution could be a factor to why you like a pokemon  warning if a pokemon loses the match it will be eliminated and will not be returning  if you like both pokemon then i would suggest you click the pass option which if it has the most votes  the two pokemon will be paired off with different pokemon this will also happen if there is a tie  i am planning to do this everyday until we reach 1 pokemon  i appreciate any participation the fights will take 1 day to finish  the next post will have the results and the next fights  the great pokemon revival is your chance to revive a fallen pokemon from a previous fights at the rate we are going we ll end up with around 22 pokemon i would like to have an even 24 so it s easier to do the elimination the two winners of the revival will be announced when we start the finals to avoid cheating i had to choose the vote once option sadly this means you have to have a google account to submit a vote you can vote once per post there will only be two pokemon coming back so make it count  remember this is a popularity contest  not a  who would win in a fight    the fights   http  googlformsos2fxczxfn   the progress   http  iimgurcomorbikfypng grey  eliminated white  has nt fought this roundcurrently fighting green  goes to the next round   the great pokemon revival   http  googlformsthxayf1j9l want to check out previous fights    round 1   https  wwwredditcomrpokemoncomments4351d7the_great_pokemon_elimination_round_1_results   round 2   https  wwwredditcomrpokemoncomments44ofkcthe_great_pokemon_elimination_round_2_results   round 3   https  wwwredditcomrpokemoncomments45bt5dthe_great_pokemon_elimination_round_3_results   round 4   https  wwwredditcomrpokemoncomments45z9agthe_great_pokemon_elimination_round_4_results do nt forget to upvote this so we can get as many voters as we can  or not  i m not forcing you at the end of the day please remember this is just for fun thank you for taking the time to read thisparticipate  ok i love you bye bye,pokemon,gaming,2016-02-16 21:24:58+00:00,41.0,0.0,1110,750,0.0,368,2249,1901.0
d02kbcx,til i really like dragon pokemon voted for flygon  hydreigon  and salamence  really hoping breloom can make it out of this round i m amazed that it has made it this far,pokemon,gaming,2016-02-17 00:04:13+00:00,6.0,0.0,0,0,,32,168,6.0
czzsx95,more like wobbafatt  am i right,pokemon,gaming,2016-02-14 19:05:35+00:00,-6.0,0.0,0,0,,6,31,-6.0
d0271i6,i m down as long as it is nt locked to just gen 1 pokemon,pokemon,gaming,2016-02-16 18:55:53+00:00,9.0,0.0,1,2098,0.0,15,57,2108.0
d0221hd,good ole shuckles here,pokemon,gaming,2016-02-16 17:01:55+00:00,1.0,0.0,5917,624,0.0,4,22,6542.0
czzq9y3,incredible,pokemon,gaming,2016-02-14 17:51:51+00:00,1.0,0.0,472,3746,0.0,1,10,4219.0
d01illr,just some additional notes   there s currently a campaign running where all orders over 3000 yen have free shipping just ordered around  4000 worth of stuff and there was no shipping   the serial code for the pikachu can only be redeemed on japanese games   although the campaign for the pikachu technically runs until may  they may run out of cards before then depending on their supply   some retailers do refuse to ship package forwarding services like tenso  so before making a big order  you may want to wait until someone can confirm a successful order,pokemon,gaming,2016-02-16 03:55:06+00:00,4.0,0.0,1070,4882,0.0,95,558,5956.0
d00ujt1,you win,pokemon,gaming,2016-02-15 17:47:18+00:00,-4.0,0.0,0,0,,2,7,-4.0
d022ylo,ashgray all the way it s basically how i wanted to play pokemon ever since i was a kid i ve always wanted to mod it to replace the firered music with the anime music,pokemon,gaming,2016-02-16 17:23:29+00:00,2.0,0.0,2240,2566,0.0,35,165,4808.0
d02m20l,any number of pokemon based on the dex  cofagrigus comes to mind cursing me or literally eating me is nt something on my to do list though i would  in a trainer capacity  catch a cofagrigus,pokemon,gaming,2016-02-17 00:48:27+00:00,2.0,0.0,0,0,,36,189,2.0
d018oxx,love it ol  wobbuffet is the best,pokemon,gaming,2016-02-15 23:32:49+00:00,1.0,0.0,171,3886,0.0,7,33,4058.0
d00pjbf,all the green ones,pokemon,gaming,2016-02-15 15:38:51+00:00,23.0,0.0,292,16013,0.0,4,18,16328.0
d02o2jn,who s the eagle in the vest next to gary supposed to be,pokemon,gaming,2016-02-17 01:39:59+00:00,1.0,0.0,0,0,,13,55,1.0
d01e5e7,no  zoroark  dragonair  giratina  typhlosion  torterra  porygonz  at least milotic and dragonite are still in this else i wouldve just left,pokemon,gaming,2016-02-16 01:57:51+00:00,6.0,0.0,0,0,,21,139,6.0
d02601z,x for me  i really like the colors and leaves on it,pokemon,gaming,2016-02-16 18:32:31+00:00,1.0,0.0,1,69,0.0,12,51,71.0
d01u772,hold up ash is a squirrel ash s mom is a deer i m no biologist  but i do nt think that s how that works,pokemon,gaming,2016-02-16 13:11:28+00:00,15.0,0.0,81,29930,0.0,26,103,30026.0
d026sja,i took a break from pok  mon during my time as an undergraduate to concentrate on my degree i downloaded the anime  but did nt even make time to watch it i took a gap year to apply for phd courses during that year  i consumed what existed of the games and anime of gen v  knowing that the resettheteameverygeneration formula meant i could understand unova anime without sinnoh but i had enough time to go back to sinnoh too  and i vowed to stay with the franchise thereafter,pokemon,gaming,2016-02-16 18:50:19+00:00,4.0,0.0,0,0,,89,474,4.0
d01uacb,pokemon x btw  i m trying to finally iv train my slowpoke and get it maxed on health and defense mainly  but after hatching an entire box full  no ivs are getting better  how do i raise my pokemon s ivs so that i can breed to get the max ivs  im new to this so i have no idea what im doing,pokemon,gaming,2016-02-16 13:15:19+00:00,1.0,0.0,1,417,0.0,63,289,419.0
d00yzum,id marry you we d be the very best,pokemon,gaming,2016-02-15 19:33:15+00:00,-13.0,0.0,0,0,,9,34,-13.0
d02fikv,really neat idea  so  you re only gon na use one region  right  if so  i d probably go with kantojohto  just because you d have the most areas to work with and could possibly include the sevii islands to have some more diversity please keep us up to date,pokemon,gaming,2016-02-16 22:03:59+00:00,2.0,0.0,326,1303,0.0,50,254,1631.0
d00amg4,i want to like this  but that armor is complete shite,pokemon,gaming,2016-02-15 03:52:57+00:00,1.0,0.0,1930,14962,0.0,11,53,16893.0
d01jc51,poison is nt calculating its ground weakness  also  it might be handy  if possible  to include a dropdown of all abilities that render attacks to do 0x  levitate  motor drive  water absorb  etc  to modify the resulting numbers since  for example  gengar does nt have the 2x weakness to ground unless it loses levitate or is fighting a mold breakerteravoltturboblaze mon,pokemon,gaming,2016-02-16 04:15:40+00:00,2.0,0.0,1,2094,1.0,61,369,2097.0
d015xh7,the punning  intensifies,pokemon,gaming,2016-02-15 22:21:32+00:00,1.0,0.0,37,3452,0.0,3,24,3490.0
d00pa9a,this is really cool  misty looks mean af great job as always  phil,pokemon,gaming,2016-02-15 15:31:47+00:00,5.0,0.0,2229,3047,0.0,13,66,5281.0
czzxobq,this picture is as old as hell why is everyone acting like its so new  i have no idea what is going on here  edit  the oldest post of this costume i can find is 2010 6 years old at least what is happening here,pokemon,gaming,2016-02-14 21:21:35+00:00,2.0,0.0,0,0,,45,209,2.0
d01el3g,caught a shiny slowpoke few months back but almost ran it was in a horde  right next to 4 normal slowpoke but i still almost missed it so the shinies that are nt very different are the ones i d change,pokemon,gaming,2016-02-16 02:08:58+00:00,2.0,0.0,8518,8049,0.0,41,200,16569.0
463l71,seems like certain people on youtube hate the way oras was done  but when they look at hgss it s  too overdone   what,pokemon,gaming,2016-02-16 17:42:29+00:00,5.0,0.0,0,0,,23,117,5.0
d027974,that s extremely beautiful  good job,pokemon,gaming,2016-02-16 19:00:33+00:00,3.0,0.0,22,77,0.0,6,36,102.0
d012z6d,all of the ones that are identical to normal gengar  bidoof  pikachu  etc,pokemon,gaming,2016-02-15 21:08:46+00:00,3.0,0.0,4003,6395,0.0,13,73,10401.0
d01plux,kyogre amp  groudon    http  nerdswolecomwpcontentuploads201412pokemonomegarubyalphasapphirehassecretmessageforpastfans5jpg,pokemon,gaming,2016-02-16 08:28:51+00:00,1.0,0.0,0,0,,5,123,1.0
d01hkts,let s go empoleon,pokemon,gaming,2016-02-16 03:27:43+00:00,2.0,0.0,1,84,0.0,4,17,87.0
d00bcua,also confirmed to be a mythical pokemon similar to mew  celebi  and all those guys,pokemon,gaming,2016-02-15 04:16:57+00:00,18.0,0.0,126,657,0.0,15,82,801.0
d012u99,blastoise is horrible just saying,pokemon,gaming,2016-02-15 21:05:25+00:00,1.0,0.0,0,0,,5,33,1.0
4665q3,personally  i love starting a new game all the excitement and anticipation  being greeted by a pokemon professor  meeting new friends i love the  welcome to the world of pokemon    https  myoutubecomwatch  v  7zbs3xcpuy  music from x and y  it perfectly captures all those feelings for me and never fails to brighten my day,pokemon,gaming,2016-02-17 02:57:29+00:00,3.0,0.0,164,1692,0.0,54,323,1859.0
d01loql,the literal translation of  fainted  is  unable to battle,pokemon,gaming,2016-02-16 05:30:01+00:00,219.0,0.0,0,0,,9,57,219.0
d026nvy,sapphire s holographic,pokemon,gaming,2016-02-16 18:47:26+00:00,1.0,0.0,5,259,0.0,3,22,265.0
d00j5vo,so this is machina  gear  brb making a new name for my strange machina in tf2,pokemon,gaming,2016-02-15 10:51:21+00:00,2.0,0.0,0,0,,16,77,2.0
d02qyvv,both 2nd map  and the dressup feature from xy i know dressup is hilariously minor  and it wo nt make or break a game for me  but i always get a little excited about customizing my trainer and i love collecting things,pokemon,gaming,2016-02-17 02:54:20+00:00,1.0,0.0,1337,34474,0.0,42,216,35812.0
d01c1jd,misdreavusmismagius poor things,pokemon,gaming,2016-02-16 01:02:55+00:00,1.0,0.0,507,1488,0.0,3,31,1996.0
d00jfky,much awesome,pokemon,gaming,2016-02-15 11:10:49+00:00,1.0,0.0,25,789,0.0,2,12,815.0
d00nnrt,i m a reddit noob so here is a link to the imgur post i made earlier  http  imgurcomgalleryt1ky9,pokemon,gaming,2016-02-15 14:41:28+00:00,209.0,0.0,0,0,,19,96,209.0
d02m6fz,the username seemed familiar and then i remember the poke ballroom dress gj op looks dope,pokemon,gaming,2016-02-17 00:51:39+00:00,2.0,0.0,1,2358,0.0,16,89,2361.0
d02r1hb,damnscizor vs mewtwo is a tough one i m pretty sure mewtwo will win  but scizor is definitely a really popular pokemon too,pokemon,gaming,2016-02-17 02:56:15+00:00,4.0,0.0,0,0,,23,122,4.0
d02rxr6,looking to get into these games with my 6yr old that is starting to read i have googled around and still ca nt be sure can i do all the stuff between x and omega or would we be better off having 2 copies of oras vs xy and oras  she wants to play omega and i have x my wife is playing too but she is playing alpha so it is just me on the xy set of games  i have read that oras has better post game and some other stuff but i want to get some cool pokemon to trade to my kid without missing other options that she and my wife will have in the newer games tips welcome not a lot of time to do any of this so i have to settle on one game or else i would just grind both,pokemon,gaming,2016-02-17 03:20:35+00:00,1.0,0.0,0,0,,148,665,1.0
d02vb9p,you can check the serebii archives for news and the concept of  poketubers  were hardly established,pokemon,gaming,2016-02-17 04:59:10+00:00,1.0,0.0,18,106,0.0,16,99,125.0
d0235m9,honestly  the latest ones  and that ll always be my answer unless the latest ones are baaaaad,pokemon,gaming,2016-02-16 17:27:56+00:00,1.0,0.0,0,0,,17,93,1.0
d024w2r,that painting behind charizard is the stuff tylenol pm nightmares are made of,pokemon,gaming,2016-02-16 18:07:28+00:00,6.0,0.0,389,1467,0.0,13,77,1862.0
d00nj7c,i wish sugimori had nt stopped doing his watercolour style after gen 2 his current style is just so much more generic,pokemon,gaming,2016-02-15 14:37:17+00:00,65.0,0.0,4465,47105,0.0,22,117,51635.0
d009sj0,much better although when i saw the english announcement i thought i was experiencing another bernsteinberenstain bear mandela effect,pokemon,gaming,2016-02-15 03:25:52+00:00,3.0,0.0,0,0,,19,133,3.0
d015gib,well obviously it would nt work  giga impact is normal  and thus not very effective against rock,pokemon,gaming,2016-02-15 22:09:33+00:00,41.0,0.0,27,3497,0.0,17,96,3565.0
d01thkc,as someone unfamiliar with the competitive scene  can someone explain why these particular pokemon are that much better than any other  especially talonflame and smeargle,pokemon,gaming,2016-02-16 12:37:42+00:00,1.0,0.0,3467,926,0.0,25,170,4394.0
4665hn,what moveset do you think would fit it  or better yet abilities  do you guys want it to be a legendarypixie or a regular pokemon  probably a gift     edit    magearna,pokemon,gaming,2016-02-17 02:56:00+00:00,1.0,0.0,185,797,0.0,30,166,983.0
d02at6w,i love this style  and great colours,pokemon,gaming,2016-02-16 20:20:10+00:00,1.0,0.0,645,3338,0.0,7,36,3984.0
d02o5q7,sad to be bitter in regards to pokemon during the year of its 20th anniversary  but this is some garbage the guy was a dedicated fan with beautiful works  and they take go after him in this of all years  wtfu,pokemon,gaming,2016-02-17 01:42:11+00:00,21.0,0.0,1,442,0.0,41,208,464.0
d0297yd,machamp i have bad experiences with being suplexed,pokemon,gaming,2016-02-16 19:44:46+00:00,1.0,0.0,6,457,0.0,8,50,464.0
d01bjmk,i once put a female hippowdon on gts and passed it off as a shiny got a giratina from it  3,pokemon,gaming,2016-02-16 00:49:24+00:00,-3.0,0.0,79,2185,0.0,21,91,2261.0
d015byc,i played the shit outta glazed when it was in beta 56 it s great except when you get to johto it really loses its charm i lost interest very quickly after that 810,pokemon,gaming,2016-02-15 22:06:24+00:00,2.0,0.0,1,1390,0.0,34,163,1393.0
czzvf90,also this   http  wwwbobtheartistcomstoreimagesdetailed0djangofettfinalwebjpg,pokemon,gaming,2016-02-14 20:17:18+00:00,14.0,0.0,7473,193934,0.0,4,77,201421.0
d01iv9h,okay this is actually exactly what i ve been wanting for years so simple and straightforward no giant chart to stare at just push the type button and up pops the results,pokemon,gaming,2016-02-16 04:02:34+00:00,17.0,0.0,0,0,,32,169,17.0
d02m5xz,deleted,pokemon,gaming,2016-02-17 00:51:18+00:00,0.0,0.0,0,0,,1,7,0.0
d02gdxr,i m not sure how people are saying this confirms z  but i am hyped for the anime in english,pokemon,gaming,2016-02-16 22:24:17+00:00,15.0,0.0,1,1100,0.0,20,91,1116.0
d00xm9h,good lord,pokemon,gaming,2016-02-15 19:00:38+00:00,11.0,0.0,14383,2925,1.0,2,9,17319.0
d01njnz,smushed together like that they kinda look like monokuma,pokemon,gaming,2016-02-16 06:42:45+00:00,3.0,0.0,1,3942,0.0,9,56,3946.0
d02751i,generation 3  flygon,pokemon,gaming,2016-02-16 18:58:01+00:00,1.0,0.0,5,259,0.0,3,20,265.0
d01g4l9,dragonite fucking agiwrap man  most obnoxious strategy ever,pokemon,gaming,2016-02-16 02:49:28+00:00,2.0,0.0,0,0,,8,59,2.0
460nr6,i do nt know if this has been asked before  but what is your favourite box art  mine would be pok  mon black 2 and white 2  i just love how it broke the mold of using the original artwork from ken sugimori and opted to use a new piece of artwork specifically made for the game box  not to mention that black kyurem and white kyurem look awesome as well,pokemon,gaming,2016-02-16 03:58:13+00:00,7.0,0.0,1,13,0.0,71,352,21.0
d02gznn,my favourite gen is 5  and i guess my favourite from that region would have to be serperior i picked him in both w and w2 and loved him so much  for the other regions  kanto  alakazam johto  crobat hoenn  gardevoir sinnoh  magnezone kalos  chesnaught,pokemon,gaming,2016-02-16 22:38:38+00:00,1.0,0.0,4,445,0.0,45,250,450.0
d00ttqc,source   http  randowiscom,pokemon,gaming,2016-02-15 17:29:52+00:00,16.0,0.0,0,0,,3,26,16.0
d027y6s,gt  yay this is calvin what s up  gt  i might be imagining this  but when i win battles  my shorts seem to feel  like  better  materially  gt  what do i mean by that  gt  it s kind of hard to explain  but  gt  how would i say this now  gt  my shorts feel silkier  gt  and when i battled you  lt  playergt  my shorts felt icky  and coarse  gt  you did nt believe that  gt  ehehehe that s all  bye now,pokemon,gaming,2016-02-16 19:16:22+00:00,98.0,0.0,2904,19760,0.0,82,399,22762.0
d010x1q,would ve been totes cooler if you used the luxury ball color scheme,pokemon,gaming,2016-02-15 20:19:45+00:00,-7.0,0.0,0,0,,13,67,-7.0
d02n9ez,gaaah 11 more days,pokemon,gaming,2016-02-17 01:19:44+00:00,1.0,0.0,0,0,,4,18,1.0
d015l7o,why does this sub hate vgc so much  obviously no matter what format is set people will always use the best pokemon available what they mean by strategically diverse is that there are so many different viable sets you could use for each mon,pokemon,gaming,2016-02-15 22:12:54+00:00,4.0,0.0,0,0,,44,239,4.0
d011nu4,i like to shuffle through these stylized backgrounds http  pldhnetgallerythe493 http  pldhnetgalleryunovacollection http  pldhnetgalleryxyarchives,pokemon,gaming,2016-02-15 20:37:31+00:00,5.0,0.0,0,0,,14,146,5.0
d02bicy,some of the territories look too small to fit a lot of troops  if you were actually going to use it to play a game on,pokemon,gaming,2016-02-16 20:35:12+00:00,1.0,0.0,1,25,0.0,26,117,27.0
d016d2l,8 bit pokemon   http  lparchiveorgpokemonblueupdate  20011capture_02042010_120644png,pokemon,gaming,2016-02-15 22:32:29+00:00,9.0,0.0,0,0,,6,84,9.0
d02tw2b,my parents never let me buy any console  but there were a few months at my school where everybody was playing pokemon on emulators on our computers in class  and i absolutely loved it i did nt finish catching them all  in both yellow or firered   as by then the students had moved onto the next game  but i always though that i would buy it later on  when the 20th anniversary announcments popped up on the front page of reddit  i bought a 3ds  y and as as of now i ve got 436 pokemon in y  and havent even put the os cartridge into my 3ds as that would mean have to stop and take the y cartridge out,pokemon,gaming,2016-02-17 04:15:51+00:00,1.0,0.0,2220,11608,0.0,121,600,13829.0
d0247fi,i d go with hgss  while i enjoy oras s soundtrack  i would have preferred to had a key item equivalent to gb sounds to listen to the originals if i felt like it  even though in ss  i almost never used the gb sounds,pokemon,gaming,2016-02-16 17:51:55+00:00,12.0,0.0,1,2094,1.0,45,214,2107.0
d0174qt,edward glover s the only one with a somewhat unique team  and even he still has cresellia  which 3 others used  and talonflame  which 6 others used   he only had 4 unique pokemon  next place is joohwan kim with 2 unique pokemon after that  there are no more unique pokemon,pokemon,gaming,2016-02-15 22:51:58+00:00,7.0,0.0,0,0,,50,272,7.0
d02a5d1,zinnia  who was awesome all throughout the delta episodeuntil you face her in battle awesome sauce trainer in my head completely ruined by the deranged cokedout monkey vibe she gave with her character model,pokemon,gaming,2016-02-16 20:05:18+00:00,22.0,0.0,1,3896,0.0,34,206,3919.0
d02grr2,mine is white and alpha sapphire,pokemon,gaming,2016-02-16 22:33:19+00:00,1.0,0.0,4,445,0.0,6,32,450.0
d01hbml,talonflame is the worst thing to exist since stealth rock in my opinion at least,pokemon,gaming,2016-02-16 03:20:49+00:00,5.0,0.0,1,4537,0.0,15,80,4543.0
d01010o,holy hell that s disturbing,pokemon,gaming,2016-02-15 19:58:07+00:00,8.0,0.0,1,13,0.0,5,27,22.0
d01kb2h,making a dress looks pretty easy  nice work op,pokemon,gaming,2016-02-16 04:44:13+00:00,1.0,0.0,0,0,,9,46,1.0
d02i1wp,i ll always remember shuckle as the one who single handedly shut down my hackmons run in the pokemon towersubway thing double teamed  toxic to take out my wonderguard sableye and sturdy negated my no guard high speed pokemons  sheer cold i was nt paying attention so i had no idea what had happened until it was too late,pokemon,gaming,2016-02-16 23:04:29+00:00,1.0,0.0,47,16661,0.0,59,320,16709.0
d017su5,watchog watchog watchog watchog watchog watchog watchog watchog watchog watchog,pokemon,gaming,2016-02-15 23:09:07+00:00,7.0,0.0,0,0,,10,79,7.0
d016tp2,oh god put the truck back,pokemon,gaming,2016-02-15 22:44:15+00:00,27.0,0.0,5,2164,0.0,6,25,2196.0
d02ezcy,i d probably go black and white with its nice crop of original pokemon with no old pokemon showing up until the endgame  it saves people from that feeling that they need to know what all the pokemon leading up to that particular game are that kind of overwhelming feeling can be off putting for people new to the series so bw do a good job of mitigating that,pokemon,gaming,2016-02-16 21:51:52+00:00,2.0,0.0,0,0,,69,358,2.0
d01yj3t,using  dead  and  fainted  in the same comic,pokemon,gaming,2016-02-16 15:35:25+00:00,1.0,0.0,1,4537,0.0,8,44,4539.0
d00udc9,metagross looks pretty bad imo i d rather it was purple or something it s too bright,pokemon,gaming,2016-02-15 17:43:03+00:00,1.0,0.0,1,293,0.0,17,84,295.0
d00uysl,that dress is amazing  i love it,pokemon,gaming,2016-02-15 17:57:17+00:00,2.0,0.0,0,0,,7,32,2.0
d02qi4f,love the shading on the colored ones,pokemon,gaming,2016-02-17 02:42:13+00:00,1.0,0.0,2130,5495,0.0,7,36,7626.0
d00q6i8,leafeon make it s shiny be autumnlike colors,pokemon,gaming,2016-02-15 15:56:42+00:00,41.0,0.0,16,68,0.0,8,44,125.0
d00if07,also it s meant to be  machina    gear   nothing to do with magi or magic,pokemon,gaming,2016-02-15 09:56:57+00:00,5.0,0.0,10,196,0.0,15,73,211.0
d01by02,poliwhirl must  live on to complete the prophecy,pokemon,gaming,2016-02-16 01:00:16+00:00,2.0,0.0,0,0,,8,48,2.0
d02skdl,i swallow sludge to transform myself i have a growth of suction cups,pokemon,gaming,2016-02-17 03:37:57+00:00,3.0,0.0,10408,82476,0.0,13,68,92887.0
d02fwwf,i have never played risk  but that looks really cool,pokemon,gaming,2016-02-16 22:13:14+00:00,2.0,0.0,1,117,0.0,10,52,120.0
d02j3hk,i see cartman s excited  no joke  this was good,pokemon,gaming,2016-02-16 23:31:09+00:00,2.0,0.0,2,3984,0.0,10,47,3988.0
d00snco,this looks incredible  keep up the good work,pokemon,gaming,2016-02-15 17:00:33+00:00,4.0,0.0,0,0,,8,44,4.0
d0189kg,who s gon na tell ushinx_fucker,pokemon,gaming,2016-02-15 23:21:27+00:00,29.0,0.0,584,6190,0.0,6,31,6803.0
d01ibtx,before any questions crop up  tenso is fantastic as someone who has imported multiple figures  amiibo   from japan  tenso has been affordable and reliable,pokemon,gaming,2016-02-16 03:47:46+00:00,10.0,0.0,1277,18158,1.0,24,154,19445.0
d00qlue,i really miss the old watercolor style of the artwork  this payed homage to it very well nicely done,pokemon,gaming,2016-02-15 16:08:06+00:00,14.0,0.0,109,1572,0.0,19,100,1695.0
d017j81,i feel like there needs to be a few general rules for shinies from now on  normal color gt  shiny color pink gt  blue red gt  gold blue gt  red  navy blue  or purple green gt   eyepleasing color other than green  it kinda varies from pok  mon to pok  mon  and nothing should ever be lime green darker green is fine  but lime green should never be used for shinies,pokemon,gaming,2016-02-15 23:02:19+00:00,1.0,0.0,925,2691,0.0,70,363,3617.0
d00vk4p,they ve always been my favorite too  with haunter being my favorite of the three,pokemon,gaming,2016-02-15 18:11:37+00:00,6.0,0.0,2292,160,0.0,15,80,2458.0
d022q8x,the moment you realize that the dog s name is acually butch,pokemon,gaming,2016-02-16 17:18:08+00:00,4.0,0.0,1,270,0.0,12,59,275.0
d010mzj,rmildlyinfuriating,pokemon,gaming,2016-02-15 20:12:56+00:00,4.0,0.0,719,8175,0.0,1,18,8898.0
d02eeh5,man reading these comments i need to go back to pokeacademy,pokemon,gaming,2016-02-16 21:39:19+00:00,1.0,0.0,0,0,,11,59,1.0
d02rpa4,eh  personally i find litwick pretty cute  mr mime tho,pokemon,gaming,2016-02-17 03:14:10+00:00,1.0,0.0,994,1652,0.0,10,54,2647.0
d01719m,he had better choose you,pokemon,gaming,2016-02-15 22:49:32+00:00,1.0,0.0,833,8791,0.0,5,24,9625.0
d018s1n,picture this  you re running through the grass or a cave and you run into a wobbuffet you do nt feel like battling it  so you try to run  but nope damn thing has shadow tag as if to rub salt in the wound  the first move it uses is destiny bond  forcing you to either waste balls on a pokemon you already have in your pokedex or let your pokemon faint,pokemon,gaming,2016-02-15 23:35:07+00:00,12.0,0.0,261,521,0.0,72,350,794.0
d02nx0b,honestly i was sitting at home with nothing to do one day so i picked up my old gba with crystal in and just like that i was in again,pokemon,gaming,2016-02-17 01:36:05+00:00,1.0,0.0,3728,1442,0.0,30,133,5171.0
d01o6ov,gen 4  porygonz,pokemon,gaming,2016-02-16 07:12:28+00:00,1.0,0.0,3559,33749,0.0,3,15,37309.0
d019a0r,keep your eye out for phoenix rising because it s gon na be very big very soon,pokemon,gaming,2016-02-15 23:48:23+00:00,3.0,0.0,0,0,,17,78,3.0
d0135yo,grats to 6th place being the  most  different,pokemon,gaming,2016-02-15 21:13:23+00:00,1.0,0.0,0,0,,8,45,1.0
d027231,probably platinum,pokemon,gaming,2016-02-16 18:56:15+00:00,1.0,0.0,0,0,,2,17,1.0
d027kbx,needs more poof in the dress,pokemon,gaming,2016-02-16 19:07:40+00:00,2.0,0.0,53,15375,0.0,6,28,15430.0
d0295x6,n,pokemon,gaming,2016-02-16 19:43:30+00:00,6.0,0.0,43,2693,0.0,1,1,2742.0
d02t99x,oh no  weavile   i have a feeling i ll be rooting for espeon from tomorrow on,pokemon,gaming,2016-02-17 03:57:21+00:00,1.0,0.0,87,329,0.0,16,77,417.0
d018h1e,emerald randomizer shits so fun,pokemon,gaming,2016-02-15 23:26:57+00:00,1.0,0.0,1102,2323,0.0,5,31,3426.0
d02jqxs,alrighty i got 4   us   region codes i can give away might get some more during the week  i ll see     i ll pick 4 people  based on whoever pms me     these codes are for folks in the states  as i do nt know if they ll work for euro players  or anyone else   all codes given out i ll get some more later in the week,pokemon,gaming,2016-02-16 23:48:39+00:00,2.0,0.0,3543,34129,0.0,67,315,37674.0
d01amh3,in my opinion biggest upsets  charizard  pikachu  rayquaza  lugia biggest surprises  rapidash  vaporeon  glaceon  dusknior  froslass  archeops favorites to win it all  dragonite  mewtwo  swampert  lucario what do yall think,pokemon,gaming,2016-02-16 00:24:34+00:00,7.0,0.0,1,631,0.0,30,223,639.0
d01vbe4,200 dollars  not even  20 i m waaay too cheap,pokemon,gaming,2016-02-16 13:55:58+00:00,6.0,0.0,1798,8237,0.0,10,45,10041.0
d01oahw,walrein 90  accuracy sheer cold in the bmaison bulky enough to take a hit  then it nails you with a cheap ohko they made me ragequit a few times already,pokemon,gaming,2016-02-16 07:17:35+00:00,2.0,0.0,0,0,,30,152,2.0
d024y8r,i thought it was going to be pokemon in the style of animal crossing a bit disappointed,pokemon,gaming,2016-02-16 18:08:51+00:00,1.0,0.0,0,0,,17,87,1.0
d00rg6f,i am old  there was once upon a time where i used no  gmb to play pokemon blue pick that turtle  learnt its name  and then play on that yellowish background for hours  try to go under a truck to get a stupid pokemon  learn all their names  etc  now i have no idea what i am looking at,pokemon,gaming,2016-02-15 16:30:11+00:00,9.0,0.0,653,3074,0.0,59,284,3736.0
d00vmq3,butterfree it should ve been made pink like the one ash s butterfree flies away with,pokemon,gaming,2016-02-15 18:13:15+00:00,6.0,0.0,1123,6686,0.0,16,84,7815.0
d029tsy,these are the times i wish there were a double up vote option,pokemon,gaming,2016-02-16 19:58:12+00:00,-12.0,0.0,1,10,0.0,13,61,-1.0
d02a6mf,kabutops noooooooooo,pokemon,gaming,2016-02-16 20:06:09+00:00,1.0,0.0,1037,7251,0.0,2,20,8289.0
d017z26,wild graveler  who will survive your first attack with sturdy and then use explosion eats up all of your potions and other assorted healing items,pokemon,gaming,2016-02-15 23:13:46+00:00,5.0,0.0,0,0,,25,145,5.0
d02hzq7,the fisherman with 6 magikarp he s in like literally every game and it s at the most inopportune time too he changes his name in different games because he does nt want to be recognized as  magikarp man  to the mockery of his fellow fishermen,pokemon,gaming,2016-02-16 23:02:55+00:00,4.0,0.0,1,1206,0.0,46,242,1211.0
d02pp2r,darkrai eternal nightmares  i m going to gtfo before my shit gets wrecked,pokemon,gaming,2016-02-17 02:21:20+00:00,2.0,0.0,37252,73940,1.0,13,73,111194.0
d017j36,very nice round  and quick too  the end of the elimination is nearing   also  absol beat dragonair  yay  and the shinx fan base explosion will begin is 32,pokemon,gaming,2016-02-15 23:02:13+00:00,3.0,0.0,0,0,,28,154,3.0
d00y8n7,omg thats beautiful,pokemon,gaming,2016-02-15 19:15:18+00:00,1.0,0.0,3630,25013,0.0,3,19,28644.0
d02racm,somebody battle me  if you win  mew s yours  will pm code   pm me your fc  i ll pm mine back only first user trynna find a worthy trainer   ps  i m easy to defeat   edit  i ve sent fc to the first user sorry everyone,pokemon,gaming,2016-02-17 03:02:51+00:00,3.0,0.0,29,1618,0.0,46,216,1650.0
d02pozm,i lost it at sawsbuck   bambi   bambi s dead mom,pokemon,gaming,2016-02-17 02:21:16+00:00,3.0,0.0,15,1075,0.0,10,48,1093.0
d029lp9,the substitute clipon made me think of something  klefki customization,pokemon,gaming,2016-02-16 19:53:12+00:00,3.0,0.0,994,1652,0.0,10,70,2649.0
d01e2ep,i m currently drooling over these  http  ishmamdeviantartcomgallery40656081pokemonpowerportraits,pokemon,gaming,2016-02-16 01:55:40+00:00,6.0,0.0,0,0,,8,96,6.0
d01rb8f,well  at least genies are no longer an issue,pokemon,gaming,2016-02-16 10:21:44+00:00,1.0,0.0,1,226,0.0,9,44,228.0
d01ev85,rotom fucking wash    how the hell does a washing machine levitate and burn you  bane of my existence i have mold breaker handy just to deal with the son of a balthazeer,pokemon,gaming,2016-02-16 02:16:23+00:00,6.0,0.0,1,762,0.0,32,169,769.0
d01pkts,what s the most efficient way to get the eon ticket in oras  just leave my 3ds in sleep mode all the time and use the buzznav sync feature daily,pokemon,gaming,2016-02-16 08:27:08+00:00,2.0,0.0,25,2738,0.0,30,144,2765.0
d01lyqm,is there a way of duplicating items  specifically stones  wo ar  i read some stuff about a ditto and the daycare  not sure if it s true any ideas,pokemon,gaming,2016-02-16 05:39:50+00:00,1.0,0.0,1,6,0.0,29,145,8.0
d02pl8f,walking with pokemon,pokemon,gaming,2016-02-17 02:18:33+00:00,2.0,0.0,1,901,0.0,3,20,904.0
d02t6oe,stopped after i finished alpha sapphire did nt come back until about september of last year was gone for a long while because life got busy and shit starting happening i needed something to make me feel happy after a while of being sad  so i came back to pokemon because i happened to take a glimpse of the anime while scrolling through channels now it s all better,pokemon,gaming,2016-02-17 03:55:14+00:00,1.0,0.0,185,11960,0.0,69,365,12146.0
d02lglv,will you eventually make a giant bracket graph so we can see all matchups in one place,pokemon,gaming,2016-02-17 00:33:39+00:00,3.0,0.0,80910,57139,0.0,17,86,138052.0
d010l4z,haunter is the best  you have to add mega gengar now,pokemon,gaming,2016-02-15 20:11:44+00:00,2.0,0.0,189,90,0.0,11,52,281.0
d020hrn,evegurumi     https  twittercomevegurumi   gt   20160213 12  37  29 utc   https  twittercomevegurumistatus698486146549051395  gt   junichi  _masuda                                                                                                       studio  _saari          junichi_masuda     https  twittercomjunichi_masuda   gt   20160214 00  02  08 utc   https  twittercomjunichi_masudastatus698658447139581952  gt    evegurumi   https  twittercomevegurumi   studio  _saari       the pok  mon company international           e3                                                              mistake     messagecompose  to  tweetposteramp  subject  error  20reportamp  message  4636ij  0a  0aplease leave above link unaltered     suggestion    messagecompose  to  tweetposteramp  subject  suggestion     faq    rtweetpostercomments13relk     code    https  githubcombuttsciclestweetposter     issues    https  githubcombuttsciclestweetposterissues,pokemon,gaming,2016-02-16 16:25:12+00:00,3.0,0.0,2,527846,0.0,68,947,527851.0
d02a459,itt surprisingly many people with a pok  mon flair that s apparently not their favourite  even from its own generation  in cases where people go through all of them,pokemon,gaming,2016-02-16 20:04:33+00:00,1.0,0.0,12,3606,0.0,29,164,3619.0
d02gs2x,dude looks like he s straight out of an adventure time episode,pokemon,gaming,2016-02-16 22:33:32+00:00,1.0,0.0,0,0,,12,62,1.0
d02sauy,i have an extra na code i will randomly give it to someone who replies to this post,pokemon,gaming,2016-02-17 03:30:31+00:00,1.0,0.0,1,0,0.0,18,83,2.0
d01n094,mass shinx voting lets gooooooo,pokemon,gaming,2016-02-16 06:20:07+00:00,2.0,0.0,0,0,,5,31,2.0
d018dzn,the entire typhlosion line got knocked out o_o but let s go bois  swampert better at least make it out of round 5  d,pokemon,gaming,2016-02-15 23:24:43+00:00,9.0,0.0,0,0,,24,116,9.0
d02ngk6,protean on the froakie line is one of the most valuable has because of it s usefulness,pokemon,gaming,2016-02-17 01:24:40+00:00,5.0,0.0,265,308,0.0,17,86,578.0
d02vip1,hey guys  i ve taken a break from pokemon ever since pokemon white  but i m looking to get back into it which new game should i go for  i ve played firered  emerald  pearl platinium  and soulsilver  and white so i m leaning towards oras because i m more familiar with those common pokemon any tips or advice,pokemon,gaming,2016-02-17 05:05:49+00:00,1.0,0.0,1,4,0.0,59,307,6.0
d02k69n,where can i watch all seasons and full episodes of pokemon,pokemon,gaming,2016-02-17 00:00:32+00:00,1.0,0.0,387,-33,0.0,11,58,355.0
d027enq,hey guysgals  i made this watchface and wanted to share it s in facer format  a free app for android  and was designed for the moto 360  but will work with any android wear watch charmander s hp bar is used as the battery indicator let me know if you have any feedback  and if you ask reaaaally nicely  i ll take requests for other pokemon to see on the watch  please limit to fire red  leaf green so that my template will work  otherwise i ll need to make a new template  enjoy,pokemon,gaming,2016-02-16 19:04:02+00:00,2.0,0.0,630,774,0.0,94,478,1406.0
d00jz2k,heeeeeeey magearna,pokemon,gaming,2016-02-15 11:48:12+00:00,1.0,0.0,152,339,0.0,2,18,492.0
d00zr5b,kecleon,pokemon,gaming,2016-02-15 19:51:27+00:00,1.0,0.0,0,0,,1,7,1.0
d0163lc,every time i try to make something out of starburst it ends up turning out looking like a fucking blob,pokemon,gaming,2016-02-15 22:25:46+00:00,1.0,0.0,109,1572,0.0,20,102,1682.0
d0120or,this is great  are you continuing the strip op,pokemon,gaming,2016-02-15 20:45:56+00:00,3.0,0.0,5344,19430,0.0,9,46,24777.0
d00ssms,it s beautiful  keep at it,pokemon,gaming,2016-02-15 17:04:17+00:00,2.0,0.0,0,0,,6,26,2.0
d02k9oj,alright  easy win for hydreigon the dragon has three heads also  voting against gengar out of spite,pokemon,gaming,2016-02-17 00:03:01+00:00,2.0,0.0,0,0,,17,99,2.0
d02pakh,aaaaand i want this,pokemon,gaming,2016-02-17 02:10:56+00:00,3.0,0.0,4589,22208,0.0,4,19,26800.0
d00rpqi,the weird thing is that gen 6 is so far the only generation that does nt have a 580 bst trio,pokemon,gaming,2016-02-15 16:37:03+00:00,4.0,0.0,3559,33749,0.0,21,92,37312.0
czezgks,no code begging  it will get you banned  do you think those with codes are gon na scroll through all the comments  be patient and wait for those who can share to share instead of spamming the whole thread it buries giveaway comments as well if you see someone code begging  just report it and we ll be notified   as this event starts on february 1  do nt expect codes to be shared much earlier than that date  this post will also update with confirmation on stores distributing  especially relevant for europe   if you have confirmation about a store handing out codes  please respond to this comment     confirmed retailers distributing event codes    australia  eb games  belgium  game mania  canada  eb games  czech republic  pragoffestu   facebook event   https  wwwfacebookcomevents503146329856938    this is january 2831  not sure how codes are being distributed    denmark  br  from 22 february till 30 april      finland  br  from 22 february till 30 april      france  micromania  from 26 february   germany  gamestop  hungary  barcraft esport bar   facebook event   https  wwwfacebookcomevents611185265697355    this is only on january 31  is a tournament  not sure if codes are given away or if they are rewards for winning   italy  gamestop  till 24 february   netherlands  game mania  nintendo zone   new zealand  eb games  norway  brleker  from 22 february till 30 april      poland  see  this post   http  wwwnintendoplnewslegendarnypokemonmewlistapartnerow  for more information   portugal  fnac stores  sea  south east asia   hong kong  singapore  maxsoft according to  this facebook post   http  imgurcoma2f7cm    spain  game  nintendo zone   sweden  brleksaker  from 22 february till 30 april      switzerland  gamestop  uk  game  us  game  gamestop,pokemon,gaming,2016-01-28 10:36:16+00:00,1.0,0.0,10022,14840,0.0,261,1768,24863.0
d00ypw7,then i shall i help you,pokemon,gaming,2016-02-15 19:26:40+00:00,10.0,0.0,0,0,,6,23,10.0
d01l5rz,saw you on the front page of pokemon20com,pokemon,gaming,2016-02-16 05:11:59+00:00,2.0,0.0,0,0,,8,41,2.0
d01o030,fire red omega i think it s better than the original,pokemon,gaming,2016-02-16 07:03:45+00:00,5.0,0.0,1274,42273,0.0,11,52,43552.0
d00r87w,somewhat getting some ginyu force vibes here looks good,pokemon,gaming,2016-02-15 16:24:24+00:00,6.0,0.0,1,1104,0.0,9,55,1111.0
d02k0lo,these are just google images i looked at and drew with cheap office pens i do nt draw much but i always enjoy it whenever i do,pokemon,gaming,2016-02-16 23:56:24+00:00,1.0,0.0,439,19153,0.0,27,126,19593.0
d02cxg8,this is just awesome  accurate  adorable  and you pulled it off so well,pokemon,gaming,2016-02-16 21:06:37+00:00,8.0,0.0,221,1678,0.0,13,71,1907.0
d015hlh,i started playing on gen 5  so i m biased towards than generation  victini is my favorite pokemon,pokemon,gaming,2016-02-15 22:10:21+00:00,10.0,0.0,10,2833,0.0,18,97,2853.0
d024fnl,great work conceptually my two favorite pokemon,pokemon,gaming,2016-02-16 17:57:03+00:00,2.0,0.0,1,4,0.0,7,47,7.0
d00v205,kingler  krabby looks nice all gold  then it evolves into a poop coloured kingler,pokemon,gaming,2016-02-15 17:59:26+00:00,3.0,0.0,1,1133,0.0,14,81,1137.0
d01skup,with feraligatr out of the game  venusaur is my last hope i know it does nt stand a chance if it goes up against a fan favourite like lucario or something  i m just hoping it gets a little farther at least,pokemon,gaming,2016-02-16 11:47:15+00:00,1.0,0.0,167,1200,0.0,42,205,1368.0
d02q5wz,hi  i have an extra code for na i will give it to the one who guesses my favorite band  d good luck  edit  as the first person that commented asked for a hint it is a rock band  d edit2  the answer was muse   thanks for participating  d keep trying  best wishes,pokemon,gaming,2016-02-17 02:33:28+00:00,2.0,0.0,1,1,0.0,53,261,4.0
d02fdp9,since both shinx and vulpix are out  i guess i m rooting for glaceon now,pokemon,gaming,2016-02-16 22:00:50+00:00,14.0,0.0,13907,128861,0.0,15,72,142782.0
d025ty5,litwick line s dex entries to me i like the pokemon designs themselves  but what they do,pokemon,gaming,2016-02-16 18:28:44+00:00,3.0,0.0,1,69,0.0,17,88,73.0
d010wy2,lillipup i catched a shiny lillipup in a very random way and i only catched him because i was like   did some stars appeared around the dog  and then pum  it s a shinyonly a little bit brightier thant the original and with green eyes,pokemon,gaming,2016-02-15 20:19:41+00:00,3.0,0.0,0,0,,45,233,3.0
d01pvsc,this honestly got scarier the more i looked at it  to the point that i could nt even finish,pokemon,gaming,2016-02-16 08:45:51+00:00,2.0,0.0,0,0,,19,91,2.0
d01a05v,gen 4 and infernape,pokemon,gaming,2016-02-16 00:07:47+00:00,2.0,0.0,1103,17144,0.0,4,19,18249.0
d022m5x,i d like to see  like the games  not many fully evolved pokemon are available you d need to raise the lower evolution ones,pokemon,gaming,2016-02-16 17:15:26+00:00,18.0,0.0,2240,2566,0.0,24,122,4824.0
d01xudj,i ca nt find any information on the upcoming pokemon title  is it actually coming out this year  what s the intel regarding this next title  will we find out on the 27th,pokemon,gaming,2016-02-16 15:16:44+00:00,1.0,0.0,7481,10606,0.0,33,169,18088.0
d01hmfh,does anyone have any details about the anniversary event about to be held in new york on the 27th,pokemon,gaming,2016-02-16 03:28:53+00:00,1.0,0.0,121,2883,0.0,19,97,3005.0
d018ww7,very cool  since sugimori is nt doing that neat old watercolor style anymore  i m glad other people are picking up the slack there s something so dreamy about it i d actually love to see newer pokemon and trainers done this way too,pokemon,gaming,2016-02-15 23:38:37+00:00,2.0,0.0,2,61,0.0,44,231,65.0
d02is2v,this is awesome  does the artist have a website or do commission work  i d love to see her other stuff  especially if its anything like this props for finding a both talented and nerdy girl,pokemon,gaming,2016-02-16 23:22:59+00:00,2.0,0.0,1,2,0.0,36,189,5.0
d02n3c4,damn pokemon is turning into power rangers  just rehashing the original theme song with some edits and a shitty guitar tune  i miss  born to be a winner   https  wwwyoutubecomwatch  v  d3jq_rqawqw    unbeatable   https  wwwyoutubecomwatch  v  l0t0orzr5d4    battle frontier   https  wwwyoutubecomwatch  v  1ha6ydkisc    battle cry  stand up    https  wwwyoutubecomwatch  v  pq8piqbybjq    heroes   https  wwwyoutubecomwatch  v  jt_u9qr_npc   and while bw sucked  rival destinies   https  wwwyoutubecomwatch  v  10rubk4lwpo  is ok,pokemon,gaming,2016-02-17 01:15:31+00:00,13.0,0.0,24216,19675,0.0,68,529,43904.0
d02giqm,still confused about what ll happen to the pokemon left without a matchup 23 pokemon left for part 2 of round 5,pokemon,gaming,2016-02-16 22:27:27+00:00,1.0,0.0,0,0,,22,111,1.0
d01370m,i can see what you re going for i assume that you do nt consider it to be perfect and i m not going to be that guy to point everything out  but i d like to encourage you to keep it up and hone your skills little details matter  so keep in mind the small things that will lessen the impact of your creation solid effort  keep up the good work,pokemon,gaming,2016-02-15 21:14:06+00:00,1.0,0.0,0,0,,72,341,1.0
d00taka,how are most teams using two megas,pokemon,gaming,2016-02-15 17:16:50+00:00,5.0,0.0,512,31900,0.0,7,34,32417.0
463n13,for me i have to say when you get to kanto in hgss  there is a guy  near the south end of silent bridge  that says  bow down before my regal pokemon   the first two pokemon  a level 29 nidoking  your pokemon should be about level 59 by now  and a level 29 slowking  are pretty normal but oddly low level then he throws out a level 65 magikarp  i got really confused  but it was an easy battle so i do nt really care,pokemon,gaming,2016-02-16 17:52:09+00:00,52.0,0.0,98,134,0.0,85,415,284.0
d00dwoj,see the way it looks it screams steelfairy,pokemon,gaming,2016-02-15 05:51:25+00:00,50.0,0.0,1219,16730,0.0,8,42,17999.0
d017cgf,skitty i get it s supposed to be a cute pink kitten  but would nt it be awesome if its shiny form had light blue instead of darker pink  and delcatty could have a cyan instead of red or whatever,pokemon,gaming,2016-02-15 22:57:29+00:00,5.0,0.0,0,0,,40,194,5.0
d0153o5,super cute  d is that your natural hair color as well  if so you re definitely blessed,pokemon,gaming,2016-02-15 22:00:36+00:00,-2.0,0.0,0,0,,17,86,-2.0
d00zctq,_,pokemon,gaming,2016-02-15 19:41:52+00:00,25.0,0.0,1041,14054,0.0,1,1,15120.0
d00e8a9,but like  volcanion still has nt been officially revealed by tpci what s up with that,pokemon,gaming,2016-02-15 06:04:44+00:00,2.0,0.0,1,158,0.0,16,85,161.0
czzpbqp,inspiration   https  lh6googleusercontentcomproxyy2qjy1pyjn8j_tctysm5gji3duuwsbngckpx20pe9y3zqvkiafb3lyn1oitw_i35qcqjneklarvpddq7sxgbxei0isnjr_1btuvay3r3j2lb126n6rn67sda81r4xah0mxktq  w362h407nc,pokemon,gaming,2016-02-14 17:24:43+00:00,32.0,0.0,1888,15256,1.0,4,194,17176.0
d02adfg,firered leafgreen tho unfortunately they are hard to find but they are simple best introduction with the help feature,pokemon,gaming,2016-02-16 20:10:22+00:00,1.0,0.0,0,0,,19,117,1.0
d01sh2z,here s 20 photos  in case one just did nt do the scarfactor justice,pokemon,gaming,2016-02-16 11:40:49+00:00,1.0,0.0,6704,7095,0.0,14,67,13800.0
d027wl0,i looooove this even though vileplume is my fave,pokemon,gaming,2016-02-16 19:15:23+00:00,2.0,0.0,1,68,0.0,9,48,71.0
d019eym,definitely plusle almost wonder traded that one away  until i saw a red star i mean come on  can you tell if number  1   http  imgurcomnyn0bjr  or number  2   http  imgurcom18b2y9t  is shiny,pokemon,gaming,2016-02-15 23:51:59+00:00,1.0,0.0,325,168,0.0,33,190,494.0
d01wdkv,that is fantastic  i love it  lt  3,pokemon,gaming,2016-02-16 14:32:39+00:00,1.0,0.0,0,0,,8,35,1.0
d02uc3d,this is such a cute idea  gravity falls is the best i think snorlax would be a good soos and if you want to incorporate red hair for wendy  what about blaziken  red colouring plus fighting type would be perfect  because she had a few badass moments throughout the series you could also use tepig for waddles i m not sure what pokemon would fit the other characters atm on a side note  alex visited game freak when he was in japan recently  so if there s not some sort of gf reference in a future pokemon game i will be very disappointed  p a couple of trainers named after gf characters  or perhaps a mabel style sweater or dipper s hat to dress your character in would be perfect,pokemon,gaming,2016-02-17 04:29:02+00:00,1.0,0.0,124,1328,0.0,130,680,1453.0
d02ljle,it looks like barney,pokemon,gaming,2016-02-17 00:35:39+00:00,2.0,0.0,1,7,0.0,4,20,10.0
d015jj5,ursaring i always thought their shiny should ve been a dark grey or black  like a black bear why lime green,pokemon,gaming,2016-02-15 22:11:43+00:00,4.0,0.0,1223,100,0.0,21,107,1327.0
d02afsq,that one swimmer who asks where she holds her pokeballs,pokemon,gaming,2016-02-16 20:11:52+00:00,67.0,0.0,73,689,0.0,10,55,829.0
d0239k0,frlghgssdpptbw really  anything recent,pokemon,gaming,2016-02-16 17:30:27+00:00,2.0,0.0,0,0,,4,38,2.0
czzvhlr,truly genius,pokemon,gaming,2016-02-14 20:19:14+00:00,1.0,0.0,7707,6869,0.0,2,12,14577.0
d00xtk0,it makes even less sense when the rock s actually a geodude you can use pretty much any move to beat them in a battle  but apparently you have to hit them with rock smash first for some reason,pokemon,gaming,2016-02-15 19:05:24+00:00,35.0,0.0,11879,26401,0.0,39,192,38315.0
d0253at,magikarp s japanese name is koiking and its ventral and dorsal fins are little crowns   http  bulbapediabulbagardennetwikimagikarp_  pok  c3  a9mon     it s probably meant to be a joke that has nt translated that well  then again  the three kingswise men in the nativity can also be called magi  so maybe it s a bit more subtle   anyway  to answer the question  n weirds me out,pokemon,gaming,2016-02-16 18:12:00+00:00,67.0,0.0,1,688,0.0,65,377,756.0
d02r97q,i miss the old exp share,pokemon,gaming,2016-02-17 03:02:00+00:00,1.0,0.0,1,4864,0.0,6,24,4866.0
d01anb6,whaaat i want it,pokemon,gaming,2016-02-16 00:25:10+00:00,2.0,0.0,0,0,,4,16,2.0
d012zxd,thats actually really cool are you going to eat it or try to find some way to preserve it  not that it matters since you re clearly talented enough to make more,pokemon,gaming,2016-02-15 21:09:18+00:00,1.0,0.0,1,877,0.0,32,160,879.0
d02ort7,can anyone explain to me how this is different from a cover and or why this is nt just your typical case of fair use,pokemon,gaming,2016-02-17 01:57:41+00:00,9.0,0.0,1773,9926,0.0,25,116,11708.0
d026fli,event intended for children  ages 6up parental supervision required at all times all giveaways and event materials available while supplies last and distributed to participating children only limit one per child quantities limited  no rain checks,pokemon,gaming,2016-02-16 18:42:17+00:00,10.0,0.0,1,1100,0.0,36,246,1111.0
d022vp5,heart gold or soul silver,pokemon,gaming,2016-02-16 17:21:38+00:00,2.0,0.0,340,254,0.0,5,25,596.0
d0196pe,hey  i ve never met you this is crazy but be my wifey i love you maybe,pokemon,gaming,2016-02-15 23:45:54+00:00,-4.0,0.0,0,0,,17,70,-4.0
d01zltv,https  wwwyoutubecomwatch  v  mlu0pf8gbpu,pokemon,gaming,2016-02-16 16:03:18+00:00,3.0,0.0,627,3879,0.0,4,41,4509.0
d018u8t,this is awesome  how many of these do you plan on doing,pokemon,gaming,2016-02-15 23:36:44+00:00,2.0,0.0,619,2268,0.0,12,55,2889.0
d01o8oz,dark rising 1amp  2,pokemon,gaming,2016-02-16 07:15:09+00:00,4.0,0.0,0,0,,4,19,4.0
d013sic,you should meet my friend  belle   https  mfacebookcompikabellechuuchiha   i think you d get along,pokemon,gaming,2016-02-15 21:28:40+00:00,1.0,0.0,5078,26500,0.0,14,98,31579.0
d01vdjt,one team without talonflame one team without primal groundon  i d be more interested in these sorts of tournaments if the usedwaytoomuch pokemon were banned of course  there would just be eight more almost as good  pokemon that would take their place,pokemon,gaming,2016-02-16 13:58:14+00:00,1.0,0.0,1,20,0.0,42,250,22.0
d00ln10,these are very well done  should do all of them and an elite four version too,pokemon,gaming,2016-02-15 13:22:41+00:00,4.0,0.0,144,1569,0.0,16,77,1717.0
d00c9vv,in not a native english speaker and i liked the name magiana because it sounds like magia and ana  but the new name does make more sense for english because it combines mage and gear,pokemon,gaming,2016-02-15 04:49:25+00:00,0.0,0.0,7307,9496,0.0,35,182,16803.0
d017rdx,well that s dumb,pokemon,gaming,2016-02-15 23:08:07+00:00,2.0,0.0,1102,2323,0.0,4,16,3427.0
d01muga,but  uh gardevoirher trainer were nt asleep why did dream eater have any effect,pokemon,gaming,2016-02-16 06:13:39+00:00,73.0,0.0,119,855,0.0,14,79,1047.0
d01esfl,what is the pokemon on the left,pokemon,gaming,2016-02-16 02:14:18+00:00,1.0,0.0,0,0,,7,31,1.0
d01mi1p,and here oh see the pikachu and ditto in left at a day care enjoying themselves a day care which specializes in ensuring tan egg out each and every pokemon you drop off,pokemon,gaming,2016-02-16 06:00:12+00:00,1.0,0.0,95,9966,0.0,33,168,10062.0
d00m4wh,when i hear  save the world   this   https  wwwyoutubecomwatch  v  liilim9hlpq  comes into my mind   for smash bros fans,pokemon,gaming,2016-02-15 13:44:37+00:00,7.0,0.0,567,509,0.0,19,120,1083.0
d007j4p,this is a masterpiece,pokemon,gaming,2016-02-15 02:18:48+00:00,1.0,0.0,1,56,0.0,4,21,58.0
465ju5,i want to wonder trade a bunch of  valuable  ha pokemon which hidden abilities do you all think are the most valuable  but also actually obtainable without cheating  obviously   just want to spread some cheer,pokemon,gaming,2016-02-17 00:37:26+00:00,3.0,0.0,1,63,0.0,35,208,67.0
d02w05h,nice idea it s always fun to go down memory lane,pokemon,gaming,2016-02-17 05:21:52+00:00,1.0,0.0,0,0,,11,48,1.0
d0113se,the only one i have got stored on my pc  i d love to find a new wallpaper since my current one sucks   http  pre12deviantartnetdbbathpref20152138cpokemon_xy_full_hd_wallpaper_by_pokeminer98d93pdb0jpg  for anyone wondering this is my current  one   http  aynoedeviantartcomartrivenchampionshipleagueoflegendswallpaper500655847  it s good but i d love a better one,pokemon,gaming,2016-02-15 20:24:17+00:00,2.0,0.0,1205,23426,0.0,45,362,24633.0
d02fj1l,meh i guess that pretty much confirms z as the next game  hope they atleast add the same amount of new pokemon like they did in xy  was hoping more for a new gen at this point,pokemon,gaming,2016-02-16 22:04:17+00:00,-4.0,0.0,643,3991,0.0,37,175,4630.0
d02hh89,firered and leafgreen  i was too busy being a genwunner but was convinced to play the remakes and loved the new game mechanics  graphics and new pokemon post game,pokemon,gaming,2016-02-16 22:50:20+00:00,2.0,0.0,370,1791,0.0,29,162,2163.0
d02t2uc,granbull stan,pokemon,gaming,2016-02-17 03:52:12+00:00,1.0,0.0,1303,29168,0.0,2,13,30472.0
d00ra85,oh  now i m sad i missed out on getting a diancie i ll have to go to trades to see if i can trade my mew code for one,pokemon,gaming,2016-02-15 16:25:49+00:00,1.0,0.0,0,0,,30,117,1.0
d02m4jl,hypno  it ai nt eating my dreams,pokemon,gaming,2016-02-17 00:50:17+00:00,4.0,0.0,1,84,0.0,7,32,89.0
d013ab2,red wallpapers you all remember red right,pokemon,gaming,2016-02-15 21:16:20+00:00,1.0,0.0,0,0,,7,41,1.0
d00lf8a,i love ken s style for pok  mon  good job,pokemon,gaming,2016-02-15 13:12:15+00:00,56.0,0.0,1126,192,0.0,10,41,1374.0
d01ij9x,that s amazing op,pokemon,gaming,2016-02-16 03:53:24+00:00,1.0,0.0,1485,4847,0.0,4,17,6333.0
d01g4a3,i hated encountering ditto i always had to bring some lowleveled  easytocatch pokemon whenever i did nt it was extremely hard and annoying to catch,pokemon,gaming,2016-02-16 02:49:14+00:00,3.0,0.0,0,0,,25,147,3.0
466auu,so the one thing that s stopped me from going all the way with completing a national pokedex is that when a new generation is released  it s back to square one  sure you can use pokemon bank to transfers mons across  but this is time consuming and in order to maintain a complete dex you ll still need to be in possession of every evolution stage  what do you guys think about having the option to transfer pokedex completion to the next game  what would be some possible implications  restrictions etc to make it fair  do you think it s a bad idea in general  if so why,pokemon,gaming,2016-02-17 03:29:45+00:00,2.0,0.0,103,2599,0.0,109,570,2704.0
d00pex1,i would like to have every single pok  mon whose shiny colouration is just a slight hue change to be revised i almost defeated a shiny glameow because i was nt paying attention and its shiny form is nearly identical to its ordinary colouration inbattle thank god for the sparkleeffect  also  shiny neutral xerneas is ugly af __,pokemon,gaming,2016-02-15 15:35:22+00:00,13.0,0.0,66,3912,0.0,58,327,3991.0
d01hve6,i did nt come here to cry  but im glad i did,pokemon,gaming,2016-02-16 03:35:40+00:00,3.0,0.0,14,649,0.0,12,44,666.0
d0289nj,i think my favorite is the trainer in reflection cave in xy who just yells  battle   at you,pokemon,gaming,2016-02-16 19:23:33+00:00,33.0,0.0,1078,60,0.0,18,91,1171.0
d02fw2z,i really dug bellossom as a grass pokemon  because it was the first pure grass type that was nt shit  throwing shade at tangela   then i used it in pokemon stadium 2  and saw just how tiny bellossom really is and that turned me off from liking bellossom,pokemon,gaming,2016-02-16 22:12:44+00:00,8.0,0.0,521,29022,0.0,48,253,29551.0
d00tw5z,i love when people shit on smogon for  banning  pokemon and they do nt  agree  with it despite it being a purely democratic decision from the community  but then when nintendo bans nothing or bans purely on pokemon not being available to capture at any time instead of on strength  you get this,pokemon,gaming,2016-02-15 17:31:33+00:00,63.0,0.0,1055,642,0.0,53,294,1760.0
d01kpvy,love the position that red is drawn in gives some mystery to this wandering trainer,pokemon,gaming,2016-02-16 04:57:24+00:00,3.0,0.0,0,0,,15,83,3.0
d00xp08,oh my,pokemon,gaming,2016-02-15 19:02:26+00:00,12.0,0.0,0,0,,2,5,12.0
d01pyvh,using fly while your pok  mon was fainted was one of the weirder things when playing red for the first time,pokemon,gaming,2016-02-16 08:51:21+00:00,59.0,0.0,3117,16212,0.0,21,107,19388.0
d0166wx,this   http  iimgurcomhpmppjnpng  is nt technically designed to be a wallpaper  but it s my absolute favorite piece of official video game art as a johto fangirl  i just  love  how it captures the feeling of the region as a whole,pokemon,gaming,2016-02-15 22:28:08+00:00,14.0,0.0,0,0,,41,229,14.0
d01gulv,love that take on giratina,pokemon,gaming,2016-02-16 03:08:26+00:00,3.0,0.0,0,0,,5,26,3.0
d021xb3,i have a shiny shuckle named the tick  he s unshuckwitable,pokemon,gaming,2016-02-16 16:59:05+00:00,5.0,0.0,123,937,0.0,11,58,1065.0
d00p7hq,i would ve liked garchomp to keep gible s bright blue and yellow belly  or the bright blue and redorange from gabite at least garchomp looks somewhat nicer in gen 6,pokemon,gaming,2016-02-15 15:29:34+00:00,3.0,0.0,1577,4299,0.0,31,164,5879.0
d00ov5n,this is a strong piece of fan art right here,pokemon,gaming,2016-02-15 15:19:44+00:00,5.0,0.0,34,8345,0.0,10,44,8384.0
d00v6kd,this is absolutely incredible  i love it  i like how the red hair helps emphasize the tophalf of the pokeball well done,pokemon,gaming,2016-02-15 18:02:31+00:00,5.0,0.0,1603,13108,0.0,22,119,14716.0
d02is9r,the end tho  got ta catch em  all,pokemon,gaming,2016-02-16 23:23:08+00:00,1.0,0.0,1,223,0.0,8,33,225.0
d026x0r,if i showup past 2 pm and they still have stuff left would they give it out even if i dont have a kid with me,pokemon,gaming,2016-02-16 18:53:08+00:00,3.0,0.0,0,0,,26,109,3.0
d01zfdj,should shuckle get a mega evolution,pokemon,gaming,2016-02-16 15:58:46+00:00,33.0,0.0,21,404,0.0,6,35,458.0
d00wovw,latios and the mega lati  s latias has a great shiny  golden and shit latios  is pretty crappy and their megas are like  crappy dark green  togekiss  persian  gengar  all the ones you ca nt tell,pokemon,gaming,2016-02-15 18:38:48+00:00,2.0,0.0,1,1346,0.0,36,194,1349.0
d00wbj5,all i made today was stool,pokemon,gaming,2016-02-15 18:29:58+00:00,72.0,0.0,336,22228,0.0,6,26,22636.0
d00u8bg,at this point smogonbird is looking more like vgcbird it s the only pok  mon in the top 6 that was used by everyone,pokemon,gaming,2016-02-15 17:39:43+00:00,28.0,0.0,1699,35533,0.0,24,115,37260.0
d017tcv,in doubles  anything with dark void   cough    smeargle   cough   heck  it s even what this year s vgc meta is partly centralized upon,pokemon,gaming,2016-02-15 23:09:30+00:00,14.0,0.0,6836,4571,1.0,23,134,11421.0
d02mw6s,i left around the gen 4 era after playing dpp i was in middle school and had played everything up until then i just figured i was getting too old for it i saw the commericals coming out for xy and said screw it honestly  that little ninja frog brought back some amazing memories of playing rby back in in 99  and i ve recently finished black and am starting up black 2 my oldest niece is getting into pokemon as well  and i am buying her a 2ds and gen 6 for her tomorrow  i missed her birthday and thank you taxes   i m 22 and managed to convince a few friends to get back into as well it s been a huge part of my life,pokemon,gaming,2016-02-17 01:10:24+00:00,2.0,0.0,747,19119,0.0,128,618,19868.0
d02md4r,pokemon vega is cool but hard the level curve is weird but it s interesting to play,pokemon,gaming,2016-02-17 00:56:27+00:00,1.0,0.0,0,0,,17,83,1.0
d02o9m6,15 days left,pokemon,gaming,2016-02-17 01:44:52+00:00,2.0,0.0,7,1434,0.0,3,12,1443.0
d00xwl5,simple and awesome,pokemon,gaming,2016-02-15 19:07:25+00:00,1.0,0.0,0,0,,3,18,1.0
d00tt6t,it seems mr glover likes to live dangerously,pokemon,gaming,2016-02-15 17:29:29+00:00,83.0,0.0,11879,26401,0.0,8,44,38363.0
d02i9y8,after 3 years without playing pokemon  i played pokemon liquid crystal on my psp by the time black and white 2 were released that was all i needed  amazing hack by the way,pokemon,gaming,2016-02-16 23:10:03+00:00,1.0,0.0,1,1567,0.0,33,171,1569.0
45z704,hey there reddit  i know that there have been loooots of threads discussing which feature would you like to see in the gts and so and so but i was just thinking  a showerthought  of a fusion between the gts and the normal trade  what if we would be able to send pokemon to a friend when they are not connected and once they connect they get a message like  your friend sent you this pokemon  sent him some poke to complete the trade or dismiss the trade something like that could people like me  who loves to send and get pokes from people in reddit but because i live in gmt  1 i m not able to be connected at the same time as the redditor i m willing to trade with  what do you think about it  which will be other features regarding trades that you ll like to see or you think may help  tl  dr  i like to see a new feature for online trading in which i could sent pokemons to a friend even when they are disconnected and once they connect they cand send me back and complete the trade,pokemon,gaming,2016-02-15 22:30:25+00:00,6.0,0.0,0,0,,196,986,6.0
d00ohc7,garchomp messed up sooo bad pikachu in the same manner as well,pokemon,gaming,2016-02-15 15:08:00+00:00,9.0,0.0,1,1265,0.0,12,62,1275.0
d019bsr,was nt sure umbreon would make it past typhlosion  and it was definitely close,pokemon,gaming,2016-02-15 23:49:40+00:00,5.0,0.0,0,0,,14,78,5.0
d00vlk5,i can die a happy man now  two of my favorite things all in one  thank you,pokemon,gaming,2016-02-15 18:12:32+00:00,3.0,0.0,1,476,0.0,17,74,480.0
d02ui6t,where s the fair use    https  wwwyoutubecomwatch  v  zvqfamotwai,pokemon,gaming,2016-02-17 04:34:03+00:00,2.0,0.0,7508,9938,0.0,9,65,17448.0
d026uhm,i never gave it up but i get major itchs to play when i watch it with my two year old,pokemon,gaming,2016-02-16 18:51:32+00:00,2.0,0.0,1,132,0.0,21,85,135.0
d02kvjf,milotiptop design,pokemon,gaming,2016-02-17 00:18:49+00:00,1.0,0.0,108,4260,0.0,2,17,4369.0
d01u0oc,oh  the logic,pokemon,gaming,2016-02-16 13:03:04+00:00,8.0,0.0,29,1618,0.0,3,13,1655.0
d01u9jy,very cool  thank you very much for sharing this with us   d,pokemon,gaming,2016-02-16 13:14:20+00:00,1.0,0.0,1,34,0.0,12,59,36.0
d016p2p,stunfisk he s less disgusting looking than garbodor  but that  ftttttbbb  noise he makes ugh  i hate stunfisk,pokemon,gaming,2016-02-15 22:40:59+00:00,0.0,0.0,0,0,,18,109,0.0
d01r0st,instead of tenso  i get mine through  sunyshore   http  sunyshorecomstore   the owner is an american living in japan who s also a huge pokemon fan every time there s a new release of merch you can preorder it from there and they ship very quickly pricing is very reasonable imo,pokemon,gaming,2016-02-16 10:01:21+00:00,2.0,0.0,4510,6962,0.0,50,277,11474.0
czzwxgj,yep  sounds like boba fett how did he make that helmet,pokemon,gaming,2016-02-14 21:01:14+00:00,1.0,0.0,0,0,,11,54,1.0
d02swgi,the hiker that says he likes kid trainers and then enters a double battle with a youngster,pokemon,gaming,2016-02-17 03:47:17+00:00,2.0,0.0,1422,1301,0.0,17,90,2725.0
d019bg8,the first pok  mon game i played was fire red but the first game i first purchased was sapphire that being said gen 4 is my favourite it was the first game that all my friends and i played favourite pok  mon would be spiritomb,pokemon,gaming,2016-02-15 23:49:25+00:00,3.0,0.0,484,826,0.0,45,226,1313.0
d02ao4b,i actually want it to sound like gen 5 gen 5 had the best sound design and music everything just sounded more epic in gen 5 if i had to pick one  i d pick hgss though why  because hgss,pokemon,gaming,2016-02-16 20:17:04+00:00,3.0,0.0,1,1390,0.0,40,184,1394.0
d0158m2,i ve always thought it d be cool if espeon was white with a black gem,pokemon,gaming,2016-02-15 22:04:02+00:00,6.0,0.0,52,484,0.0,16,69,542.0
d01bh8z,gen v s doing pretty well this round  to be honest probably just because they got sent against kind of minoreh pokemon  but i m still impressed,pokemon,gaming,2016-02-16 00:47:37+00:00,3.0,0.0,0,0,,27,143,3.0
d01xz0p,i liked ashgray bit i ca nt seem to find a good website to download it all of them spam me with pop ups,pokemon,gaming,2016-02-16 15:20:17+00:00,3.0,0.0,136,1423,0.0,24,103,1562.0
d009kvo,sounds much better now,pokemon,gaming,2016-02-15 03:19:18+00:00,131.0,0.0,10351,74947,1.0,4,22,85429.0
466avp,from this sub i mean i think i found b2w2 and oras  but i d like to ses people s reactions again those times seem so far back,pokemon,gaming,2016-02-17 03:29:58+00:00,3.0,0.0,1,4537,0.0,28,125,4541.0
d02umeg,reposting an earlier comment i made on rnintendo  his update says that his licenses are for music downloads and streaming  but not for videos synced to the music he is now planning to reupload all the youtube stuff as 30second previews and shifting the full songs to spotify and apple music  from the video description  gt  to summarize the video  gt   tpci s intent for taking down kanto is still unclear  but regardless  gt   i do not have a sync license to upload whole compositions  or arrangements of those compositions  to youtube gt   as a result  it would be safest to remove all videos and move to streaming platforms gt   production on johto legends will continue after a 1month hiatus gt   the preo youtube channel will become more like a promo platform gt   all music will be made available to stream on spotify and apple music gt  if you d like to continue streaming the kanto album  you may do so here  gt  spotify  https  playspotifycomalbum5t9b8wl8byszresw3k1cqg gt  apple music  https  itunesapplecomusalbumpokemonreorchestratedkantoid569966514 edit    tl  dr  he thinks he had the wrong licenses  so he does nt have permission to stream his music on youtube,pokemon,gaming,2016-02-17 04:37:39+00:00,1.0,0.0,11,449,0.0,193,1175,461.0
d01fbjs,mega kangaskhan  78 primal groudon  78 talonflame  78 smeargle  68 xerneas  68 mega salamence  58 cresselia  48 really diverse,pokemon,gaming,2016-02-16 02:28:23+00:00,2.0,0.0,0,0,,19,126,2.0
d026cip,more like belleawesome,pokemon,gaming,2016-02-16 18:40:21+00:00,6.0,0.0,124,4866,0.0,3,22,4996.0
d01bigf,did i get a fake mewtwo  some random japanese guy traded his mewtwo for my lucario i think he did it on accident could it be fake,pokemon,gaming,2016-02-16 00:48:31+00:00,1.0,0.0,146,1039,0.0,27,129,1186.0
d02assu,morty  because he s just too hot for pokemon,pokemon,gaming,2016-02-16 20:19:55+00:00,2.0,0.0,1,1390,0.0,9,44,1393.0
d01a6ma,pikachu please  please  please,pokemon,gaming,2016-02-16 00:12:41+00:00,1.0,0.0,2119,8601,0.0,4,30,10721.0
d01pu9v,oh boy  it s this  sylveon again  have nt seen them in a while,pokemon,gaming,2016-02-16 08:43:14+00:00,1.0,0.0,7268,32377,0.0,14,62,39646.0
d00t0mw,shiny espeon looks horrible,pokemon,gaming,2016-02-15 17:09:54+00:00,1.0,0.0,0,0,,4,27,1.0
d01pydg,meganium  tt,pokemon,gaming,2016-02-16 08:50:29+00:00,1.0,0.0,1,1652,0.0,2,12,1654.0
d01wi04,well  there s not a path now looks like you can go around,pokemon,gaming,2016-02-16 14:36:34+00:00,1.0,0.0,3984,22372,0.0,13,57,26357.0
d02at48,quit when anime got shit  black and white came back when anime got better  x and y basically  mega evolutions,pokemon,gaming,2016-02-16 20:20:07+00:00,-1.0,0.0,1,13759,0.0,20,109,13759.0
d017bee,i d like a black empoleon perhaps with a silver tridentbeak,pokemon,gaming,2016-02-15 22:56:41+00:00,1.0,0.0,223,1694,0.0,11,59,1918.0
d01mvjv,would help if the gardivoir was asleep that trainer is not going anywhere close to being champion,pokemon,gaming,2016-02-16 06:14:53+00:00,41.0,0.0,637,72072,0.0,17,97,72750.0
d02v89q,i remember seeing  these   http  imgurcomaazq1n  a while back thought i would share,pokemon,gaming,2016-02-17 04:56:35+00:00,1.0,0.0,0,0,,13,83,1.0
d01ex35,poor swampert needs a different color mudkip is adorable and marshtomp can pull it off  but shiny swampert just does nt exude the sheer manliness of the pokemon well at all,pokemon,gaming,2016-02-16 02:17:46+00:00,1.0,0.0,1,85,0.0,31,172,87.0
d02oqok,apricorns to make pokeballs and walking with your pokemon,pokemon,gaming,2016-02-17 01:56:51+00:00,2.0,0.0,1798,8237,0.0,9,57,10037.0
d02vys3,ctrlf bellawesome  ah i love the puns this sub makes neat work op,pokemon,gaming,2016-02-17 05:20:35+00:00,1.0,0.0,35517,52887,1.0,13,65,88405.0
d01u0jk,does the lucky egg still give off bonus xp if the pokemon is nt used in battle  also does the same rule apply for traded pokemon  i m planning on trading my pokemon to my or  so would it be correct to assume they will level up much faster due to the bonus xp even if they do nt participate in the battle,pokemon,gaming,2016-02-16 13:02:54+00:00,1.0,0.0,1,10,0.0,63,303,12.0
d027cv6,i guess i thought i was too old by the time hoenn was new but uh i always still lowkey liked it anime was still on so i knew a few of the new ones but i got bored when i tried my friend s game  i guess it was nostalgia with the remakes in 4th combined with the lore of the 4th and 5th gen games that brought me back,pokemon,gaming,2016-02-16 19:02:54+00:00,2.0,0.0,204,748,0.0,71,315,954.0
d01ixys,i noticed that you have a venusaur from your history  do you by any chance have a version of it without the text just like this charizard,pokemon,gaming,2016-02-16 04:04:40+00:00,3.0,0.0,12,4517,0.0,27,137,4532.0
d01owjz,i ve played all generations i to v  but v is my favorite of them all due to the story and my favorite pokemon  cinccino  3,pokemon,gaming,2016-02-16 07:49:08+00:00,1.0,0.0,0,0,,26,122,1.0
d01i7un,i think this one will cause an explosion,pokemon,gaming,2016-02-16 03:44:47+00:00,1.0,0.0,0,0,,8,40,1.0
d01nd6e,hopefully someone can answer this for me  but did nt most people only keep 1 mega handy last year  why the change of keeping two on hand  and seeing the saturation of certain keys like pdon  xerneas  and talonflame  is mkhan still preferred or is msalemence,pokemon,gaming,2016-02-16 06:34:57+00:00,1.0,0.0,0,0,,46,257,1.0
d01jew1,source  randowis   http  randowiscom20151010shinygyarados,pokemon,gaming,2016-02-16 04:17:56+00:00,14.0,0.0,4534,10677,0.0,4,57,15225.0
d01anod,hands down  sinnoh region pokemon s a lot harderbut winners probably glaceon,pokemon,gaming,2016-02-16 00:25:27+00:00,3.0,0.0,256,10783,0.0,12,76,11042.0
d00xicf,i am pretty sure that if they use giga impact there would nt be any path at all,pokemon,gaming,2016-02-15 18:58:05+00:00,9.0,0.0,57,1790,0.0,18,79,1856.0
d02h23n,pokemon black i played since red and stopped at sapphire i was tempted to get fire red but by then pok  mon was nt popular in my school anymore and i did nt wan na look childish skipped out on the entirety of gen 4 i have a friend who s never stopped playing  and he recommended black to me as it had an entirely new set of pokemon without any mon s from the previous gens appearing in the main story  needless to say i loved black  having to learn the physicalspecial split  wifi battling  wireless trading and exploring an entirely new region of completely new pokemon was great since then i ve played and beaten every main series game at least once since the release of black 2  i have a living dex and i ve took up shiny hunting gen 5 made me fall in love with the series all over again,pokemon,gaming,2016-02-16 22:40:17+00:00,2.0,0.0,0,0,,155,790,2.0
d01cgut,mega charizard x represent  nice work  friend,pokemon,gaming,2016-02-16 01:13:54+00:00,2.0,0.0,0,0,,7,45,2.0
d00vfn8,it s beautiful,pokemon,gaming,2016-02-15 18:08:37+00:00,4.0,0.0,1,240,0.0,3,14,245.0
d02i8qs,honestly  out of nowhere bought a tcg pack i do nt play competitively  never have and never plan on it but i opened the back  got hyped up  bought a 2ds and or only thing i ve missed is black and white 12 and x and y all so worth it,pokemon,gaming,2016-02-16 23:09:13+00:00,1.0,0.0,0,0,,51,232,1.0
d013x9c,you look like a ritzy challenger trainer  like maybe you d be on a cruise ship or something,pokemon,gaming,2016-02-15 21:31:55+00:00,3.0,0.0,605,4173,0.0,18,91,4781.0
d018wrv,what did you do to get the dress to be that big,pokemon,gaming,2016-02-15 23:38:32+00:00,5.0,0.0,81,4624,0.0,12,47,4710.0
d022okb,kanto meowth johto  furret hoenn tropiuscastform sinnoh luxray unova zebstrika kalospangoro,pokemon,gaming,2016-02-16 17:17:01+00:00,1.0,0.0,1,73,0.0,11,91,75.0
d029ao7,my partner was a shinx in sky  at first i thought it was female  then some guy here told me it was male  now it s female again  i do nt know what to believe,pokemon,gaming,2016-02-16 19:46:25+00:00,14.0,0.0,13907,128861,0.0,35,156,142782.0
d022zhs,knock knock it s shuckles,pokemon,gaming,2016-02-16 17:24:03+00:00,1.0,0.0,758,263,0.0,5,25,1022.0
d02bcjb,that s not a cosplay  that s just a dress s,pokemon,gaming,2016-02-16 20:31:47+00:00,1.0,0.0,19,910,0.0,11,43,930.0
463syo,this is a question for those who abandoned the series or lost interest for a long period of time before going back  maybe you thought you were too old for it  or maybe you just grew tired  or maybe you were nt really attached to it at first  but if you were done with pok  mon and got back  what did bring you back,pokemon,gaming,2016-02-16 18:26:23+00:00,22.0,0.0,1,2060,0.0,64,314,2083.0
d01s92p,im breeding a ralts with a everstone  yet my pokemon is getting different abilities  ive read  in black 2 and white 2 the odds of passing down the nature of the parent holding an everstone is now 100   so whats the deal   playing on oras,pokemon,gaming,2016-02-16 11:26:24+00:00,1.0,0.0,11,168,0.0,45,237,180.0
d00ozum,i d also accept   if another girl tried to take you  i d wooper ass,pokemon,gaming,2016-02-15 15:23:33+00:00,13.0,0.0,55667,81106,0.0,15,67,136786.0
d00quvr,i actually do nt like the pallets of most of the shinies,pokemon,gaming,2016-02-15 16:14:45+00:00,3.0,0.0,11,1557,0.0,12,56,1571.0
d00y18q,gear in the middle of its name  clever,pokemon,gaming,2016-02-15 19:10:25+00:00,1.0,0.0,29990,21515,0.0,8,38,51506.0
d00rhr4,definitely rapidash i mean ponyta is one of the best shinies and rapidash looks so bad compared to it would never evolve my ponyta,pokemon,gaming,2016-02-15 16:31:20+00:00,6.0,0.0,1,104,0.0,24,130,111.0
d018f3d,gt  shinx eliminated   http  iimgurcomapcqhobpng,pokemon,gaming,2016-02-15 23:25:30+00:00,40.0,0.0,0,0,,5,48,40.0
d012705,i wish that they would just make it so that hms were inherent abilities that certain species could use naturally sort of like target clears in the ranger series,pokemon,gaming,2016-02-15 20:50:02+00:00,14.0,0.0,3234,27862,0.0,29,160,31110.0
d017lcr,that s just lovely  for a minute there  i thought this was for a quincenera party really fantastic job,pokemon,gaming,2016-02-15 23:03:50+00:00,1.0,0.0,0,0,,19,102,1.0
d01twue,how many people here have gameboy carts of rby where the battery has nt died yet and the save data is intact  i m wondering if it s worth trying to find mine  but it s close to 17 years old now,pokemon,gaming,2016-02-16 12:58:08+00:00,1.0,0.0,2327,27,0.0,42,193,2355.0
d02iwe8,that swimmer who appears in xy and the oras demo the one who  after you beat him in the demo  says he s going to swim all the way to kalos he then appears in xy  which is his first appearance to us  but for him inuniverse it s 10 years later  and tells you he just finished swimming from hoenn  this guy spent 10 years of his life swimming from one continent to another during the events of gold and silver  diamond and pearl  and black and white  or their counterparts in the mega evolution timeline  whatever they may be   this guy was just swimming along,pokemon,gaming,2016-02-16 23:26:06+00:00,22.0,0.0,1,3942,0.0,107,557,3965.0
d02asuo,waiting for it to come out on smartphones before delving back in since the gba days,pokemon,gaming,2016-02-16 20:19:58+00:00,0.0,0.0,0,0,,16,83,0.0
d02inz6,xpost referenced from rbeadsprites by ucolinw0805  eeveelutions    https  wwwredditcomrbeadspritescomments464y32eeveelutions         i   am   a   bot   made   for   your   convenience     especially   for   mobile   users      contact   https  wwwredditcommessagecompose  to  originalpostsearcher        code   https  githubcompapernotesredditoriginalpostsearcher        faq   https  githubcompapernotesredditoriginalpostsearcher  faq,pokemon,gaming,2016-02-16 23:20:03+00:00,0.0,0.0,9,30443,0.0,33,434,30452.0
d01jjb8,souce  randowis   http  randowiscom20150823foulplay,pokemon,gaming,2016-02-16 04:21:25+00:00,11.0,0.0,4534,10677,0.0,4,51,15222.0
d02fdzz,i might get some flack for this  but i think the oras soundtrack was really really well done  and if dp were to be remade i d prefer the more rhythmic music of oras,pokemon,gaming,2016-02-16 22:01:01+00:00,4.0,0.0,6,457,0.0,34,164,467.0
d01asvm,i ll do it by regions as well kanto mega beedrill or marowak if megas do nt count  johto espeonscizor hoenn mega altaria or breloom sinnoh gallademega gallade tied with froslass  top faves  unova samurott  i m not a fan of unova at all  kalos tyrantrum,pokemon,gaming,2016-02-16 00:29:18+00:00,0.0,0.0,1,51,0.0,46,252,52.0
d025stw,whatever the newest one is,pokemon,gaming,2016-02-16 18:28:01+00:00,11.0,0.0,0,0,,5,26,11.0
463otf,i think mr mime is the creepiest,pokemon,gaming,2016-02-16 18:02:17+00:00,5.0,0.0,1,0,0.0,7,32,6.0
d01agsj,gen iv  rhyperior  do nt hate me,pokemon,gaming,2016-02-16 00:20:19+00:00,2.0,0.0,4569,24388,0.0,7,32,28959.0
d01dvd9,this looks very pretty on you nice use of the button as a beltcenterpiece ca nt wait for a luxury ball version,pokemon,gaming,2016-02-16 01:50:44+00:00,1.0,0.0,0,0,,22,110,1.0
d01x6lc,generation 1  electabuzz generation 2  scizorumbreon,pokemon,gaming,2016-02-16 14:57:26+00:00,1.0,0.0,1,23254,0.0,6,52,23256.0
d0150h1,is brock related to bruno  they look very similar,pokemon,gaming,2016-02-15 21:58:25+00:00,3.0,0.0,0,0,,9,49,3.0
d01le3w,why do i read these things before bed  i hate crying myself to sleep cause i get tears in my ears,pokemon,gaming,2016-02-16 05:19:50+00:00,1.0,0.0,55667,81106,0.0,21,97,136774.0
czzujbx,wynaut zoidberg    http  iimgurcomdvwcej4jpg,pokemon,gaming,2016-02-14 19:52:01+00:00,216.0,0.0,2578,18633,0.0,4,44,21427.0
d01pecb,i like romhacks that just improve on already existing games so sacredgold and stormsilver  or volt white and blaze black  also  not a romhack  but ethereal gates is really promising as well it has the best fakemon designs i ve seen in a fangame,pokemon,gaming,2016-02-16 08:16:30+00:00,10.0,0.0,6,1052,0.0,44,244,1068.0
d02fsyq,i was 9 or 10 when redblue came out i had an original game boy and put so many hours into those games i never played pokemon again though until i bought a ds and platinum back in 2009 that was the last time i played any handheld games since then  my gaming has mostly been halo  destiny  and  most recently  battlefront  last month  when they announced the new pokemon 3ds with redblue  i got super excited i dug through old stuff to find my ds  but i have no idea where it is so i found my sister s old game boy advance and borrowed a copy of firered from a friend  i got hooked again so last week i went ahead and bought a new 3ds xl i could nt wait until the end of february for the new pokemon 3ds  plus i wanted the larger screen i got pokemon x and it s awesome that almost every time i step into tall grass  there s a brand new pokemon i ve never seen before i even convinced my coworker  who also has nt played pokemon since the late 90s  to get a n3dsxl and pokemon y  i ve got 6 badges so far after i beat the elite 4 and progress through some endgame stuff or whatever  i m going to get alpha sapphire i want to try and get that soon so i can compete in the kanto classic tournament next month and get that dragonite,pokemon,gaming,2016-02-16 22:10:45+00:00,3.0,0.0,134,139,0.0,250,1227,276.0
d01nfzu,you should do the rest  and then keep messing around  i really like these,pokemon,gaming,2016-02-16 06:38:20+00:00,2.0,0.0,1,819,0.0,14,73,822.0
4638t4,what is your favorite cartridge art  for me i think i either like pokemon black 2 or soul silver,pokemon,gaming,2016-02-16 16:36:22+00:00,3.0,0.0,98,134,0.0,19,96,235.0
d01e0vm,might as well do every gen for this gen 1  cloyster gen 2  furret gen 3  flygon gen 4  tie between porygonz  torterra  and magnezone gen 5  tie between volcarona and escavalier gen 6  greninja,pokemon,gaming,2016-02-16 01:54:32+00:00,3.0,0.0,1577,4299,0.0,35,192,5879.0
d00vim4,what pun is magearna  edit  machina  gear  i actually like this,pokemon,gaming,2016-02-15 18:10:35+00:00,1.0,0.0,5744,31851,1.0,11,63,37596.0
d014zcw,fuck smeargle,pokemon,gaming,2016-02-15 21:57:38+00:00,2.0,0.0,1082,12006,0.0,2,13,13090.0
d01znoq,this is really a stupid comic,pokemon,gaming,2016-02-16 16:04:36+00:00,-10.0,0.0,1,157,0.0,6,29,148.0
d01zalw,red and blue mystery dungeon i like how they re actually the same scene  just from a different perspective,pokemon,gaming,2016-02-16 15:55:26+00:00,1.0,0.0,5,6288,0.0,19,106,6294.0
d016yxj,yay dusknoir,pokemon,gaming,2016-02-15 22:47:54+00:00,4.0,0.0,0,0,,2,12,4.0
d00yhle,i choose you,pokemon,gaming,2016-02-15 19:21:12+00:00,1.0,0.0,5072,87515,1.0,3,12,92588.0
d02qwg7,you look like a gym leader amazing work,pokemon,gaming,2016-02-17 02:52:30+00:00,1.0,0.0,1,762,0.0,8,39,764.0
d02eiks,wow  you look really beautiful in that,pokemon,gaming,2016-02-16 21:41:48+00:00,2.0,0.0,2970,42321,0.0,7,38,45293.0
d02ecf0,she got replaced by may since people liked her more than misty misty has nt been in the anime for over 10 years she s pretty much a dead character by now just one of many girls ash has traveled with,pokemon,gaming,2016-02-16 21:38:04+00:00,1.0,0.0,0,0,,41,198,1.0
d02i1xv,i love this,pokemon,gaming,2016-02-16 23:04:31+00:00,2.0,0.0,1,1,0.0,3,11,4.0
d02me5u,soulsilver and cyndaquil are my favorites  i personally ca nt complain about any generation yeah some concepts of pokemon are simple  but every generation has its good and bad,pokemon,gaming,2016-02-17 00:57:13+00:00,1.0,0.0,1,18,0.0,29,175,20.0
d01qt0d,sbbook  never mind that using dream eater when the opposing pok  mon is not asleep is a turn given away for gardevoir to use other moves like psychic,pokemon,gaming,2016-02-16 09:46:24+00:00,-1.0,0.0,10122,6421,1.0,28,149,16542.0
d018w4n,is this what competitive pokemon is about  i play every generation of pokemon  but never on the competitive level jesus i do nt think i would even want to  sorry  pardon me  i just want some clarification on what competitive pokemon is all about,pokemon,gaming,2016-02-15 23:38:05+00:00,1.0,0.0,0,0,,44,245,1.0
d020s60,they said they are nt attending though,pokemon,gaming,2016-02-16 16:32:10+00:00,1.0,0.0,1,1100,0.0,7,38,1102.0
d02imh3,juggler irwin whoops  dropped my balls,pokemon,gaming,2016-02-16 23:18:59+00:00,7.0,0.0,1,980,0.0,6,38,988.0
d01oaab,you ca nt go wrong with pokemon brown  it s a classic and you should play it and try to find the hidden items because they ll be useful when pokemon prism comes along later  as for outside of that  both pokemon ashgray  play through original series anime events  and liquid crystal  gba goldsilver but also has a new story set in the orange islands  are quite amazing,pokemon,gaming,2016-02-16 07:17:17+00:00,7.0,0.0,1,7067,0.0,68,367,7075.0
d00od1g,hoopa looks unchanged,pokemon,gaming,2016-02-15 15:04:12+00:00,7.0,0.0,18865,99098,0.0,3,21,117970.0
465t7b,as i went back and played some of the older games  i remembered some of cool features that never came out in the other games this made me want to know what past features people want to bring back for me  it s the change of music and comments from your opponent during battles in the 4th and 5th gens it made battles seem more active  with more intense music if you had a gym leader or e4 member on the ropes or if they had you on the ropes their comments during battle also was something cool because it let you see what they were feeling as the battle progressed so  what feature would you guys like to bring back,pokemon,gaming,2016-02-17 01:38:07+00:00,1.0,0.0,265,308,0.0,121,614,574.0
d02vcy5,fighting a villainous team s boss for the final time i m always sure to crank the music up and limit items so the fight is super intense,pokemon,gaming,2016-02-17 05:00:40+00:00,1.0,0.0,212,639,0.0,28,136,852.0
d02fti9,twitch plays pok  mon  i followed it quite a bit during downtime at work  and it gave me nostalgia in a major way i stopped playing after crystal so i decided to try a couple of the  newer  games  leaf green and emerald  on an emulator playing again on anything other than a handheld felt wrong  so i used my nephew s birthday as an excuse to pick up two 3ds red and y for him  blue and x for me,pokemon,gaming,2016-02-16 22:11:05+00:00,1.0,0.0,0,0,,81,395,1.0
d02rm82,every single name was really clever,pokemon,gaming,2016-02-17 03:11:48+00:00,2.0,0.0,2346,1399,0.0,6,35,3747.0
d00w9r4,more please,pokemon,gaming,2016-02-15 18:28:50+00:00,6.0,0.0,630,891,0.0,2,11,1527.0
d02i0zy,does uelstrawfedora have commissions open,pokemon,gaming,2016-02-16 23:03:50+00:00,1.0,0.0,649,8643,0.0,5,41,9293.0
d01qd2l,i think it s something pixiv started,pokemon,gaming,2016-02-16 09:16:35+00:00,3.0,0.0,7268,32377,0.0,7,36,39648.0
d02ualq,i really like the stain glass stylization it d be interesting to see this as actual glass,pokemon,gaming,2016-02-17 04:27:48+00:00,1.0,0.0,22016,32045,1.0,17,89,54062.0
d00mrqn,not to be the cynic about this  but it s probably a bunch of 20something s voting because that have nt heard about pokemon in ages i do hope it will get more people into the game  but 99  will think it s old hat soon enough,pokemon,gaming,2016-02-15 14:10:13+00:00,8.0,0.0,28,481,0.0,47,223,517.0
d01rfsk,okay  so i m very new to breeding but after watching some youtube videos  i decided to try to breed a decent iv squirtle with a couple of egg moves for pratice  a couple of hours later and i have a modest blastoise  egg moves at hand  with the following iv s  31  31  31  31  30  31 i do nt even know the odds of that happening  but i m very happy with it  the downside  it s ability is torrent instead of rain dish is it worth finding another person with a rain dish squirtle and rebreeding for a squirtle with decent iv s and rain dish  or should i count my lucky stars and use what i have  what are the odds of rolling similar stats  if there s any mathematicians out there  i m not sure what to do haha,pokemon,gaming,2016-02-16 10:30:49+00:00,1.0,0.0,198,627,0.0,144,706,826.0
4664ue,i m rewatching the series and does anyone else think mikey s eevee would eventually evolve into slyveon,pokemon,gaming,2016-02-17 02:51:57+00:00,2.0,0.0,16,115,0.0,18,103,133.0
d00mdu4,this is great  i love the gen 1 art so much,pokemon,gaming,2016-02-15 13:55:10+00:00,7.0,0.0,311,3173,0.0,11,43,3491.0
d02fkje,took a break after pearl and came back during x amp  y loved it and got hooked on vvc  which can potentially be unlimited content due to the ladder,pokemon,gaming,2016-02-16 22:05:15+00:00,1.0,0.0,0,0,,29,147,1.0
d022ee2,depends on their age while earlier games are graphically simple  later games are better with hand holding to show them the ropes graphically  i would nt go past gen 5 because it s hard to go back from 3d,pokemon,gaming,2016-02-16 17:10:27+00:00,3.0,0.0,0,0,,39,203,3.0
d02u275,putting one more code up for grabs  first person to guess my brother s birthday  picked that because who knows if i left any clues on my account of what my own birthday is  will be receiving a code  if this goes long enough without a winner i will pick the closest guess   also i may not reply immediately after a winning number is picked for the suspense,pokemon,gaming,2016-02-17 04:20:53+00:00,1.0,0.0,45,6983,0.0,68,355,7029.0
d01im5z,i just bought a gameboy advance  and now i want to play pokemon for the first time ever what game do you all recommend starting with,pokemon,gaming,2016-02-16 03:55:32+00:00,1.0,0.0,663,1851,0.0,26,132,2515.0
d00k132,videos in this thread   watch playlist amp   9654    http  subtletvcom_r45uhe7  feature  playlistamp  nline  1  video  comment     i m old gregg  from the mighty boosh   https  youtubecomwatch  v  gcx0neffrfi    6   https  redditcomrpokemoncomments45uhe7_d00af7g  context  10  d00af7g   butold gregg   why jonathan ross ca nt pronounce his rs   https  youtubecomwatch  v  ld3a3qcpxd4    1   https  redditcomrpokemoncomments45uhe7_d00giap  context  10  d00giap   it depends on whether or not you roll your amp   39  ramp   39  when pronouncing amp   39  gearamp   39   i actually donamp   39  t sometimes thanks to a former  pokey motoring show   can you name all the pok  mon  bw takeshi tsuruno  full    https  youtubecomwatch  v  t38denjxjksamp  t  89s    1   https  redditcomrpokemoncomments45uhe7_d00k0pd  context  10  d00k0pd   neither was i  so i looked it up  this is the part they were talking about  i m a bot working hard to help redditors find related videos to watch      info   https  npredditcomrsubtletvwikimentioned_videos    chrome extension   https  chromegooglecomwebstoredetailmentionedvideosforreddfiimkmdalmgffhibfdjnhljpnigcmohf,pokemon,gaming,2016-02-15 11:51:57+00:00,1.0,0.0,1,45401,0.0,146,1151,45403.0
d02gb02,this is neat,pokemon,gaming,2016-02-16 22:22:25+00:00,1.0,0.0,1,142,0.0,3,12,144.0
d01cg1g,that looks kinda weird,pokemon,gaming,2016-02-16 01:13:19+00:00,6.0,0.0,5,3189,0.0,4,22,3200.0
d01cch9,fucking sigilyph and its movepool oh  you want to switch in something that had high base attack to take it out  psycho shift  surprise bitch  here s another 25 stat boost for defense that also doubles as an offensive,pokemon,gaming,2016-02-16 01:10:49+00:00,3.0,0.0,0,0,,39,216,3.0
d00o7nu,green machoke really kind of stinks,pokemon,gaming,2016-02-15 14:59:25+00:00,12.0,0.0,0,0,,6,35,12.0
d01ah60,charizard looks sweet here awesome job,pokemon,gaming,2016-02-16 00:20:35+00:00,3.0,0.0,1798,8237,0.0,6,38,10038.0
d01aggk,rip teh urn all you ampharos losers need to see me in the street,pokemon,gaming,2016-02-16 00:20:05+00:00,2.0,0.0,0,0,,14,64,2.0
d00zxjx,crobat and magikarp s shiny is beautiful for the record,pokemon,gaming,2016-02-15 19:55:48+00:00,8.0,0.0,1967,5261,0.0,10,55,7236.0
d00ql00,oh hey cool i know who made this  thanks for actually linking to her tumblr,pokemon,gaming,2016-02-15 16:07:29+00:00,4.0,0.0,13335,7133,0.0,15,75,20472.0
d02cfes,gifv link   https  iimgurcomqnfhkh1gifv    faq   https  wwwredditcomrlivvenwikigifvbot,pokemon,gaming,2016-02-16 20:55:18+00:00,1.0,0.0,1,52737,1.0,7,86,52739.0
d01cu62,nice job makes me nostalgic that s my childhood right there,pokemon,gaming,2016-02-16 01:23:34+00:00,0.0,0.0,758,2280,0.0,11,59,3038.0
d01hjkj,there s one pokemon that always annoys the shit out of me when i run into it  but i ca nt remember,pokemon,gaming,2016-02-16 03:26:44+00:00,2.0,0.0,0,0,,22,98,2.0
d02a39b,i got a 3ds,pokemon,gaming,2016-02-16 20:04:01+00:00,1.0,0.0,1,46,0.0,4,11,48.0
d02l7kn,are there any other holidays,pokemon,gaming,2016-02-17 00:27:25+00:00,1.0,0.0,35,10,0.0,5,28,46.0
d01ieq1,great,pokemon,gaming,2016-02-16 03:49:53+00:00,1.0,0.0,4234,1253,0.0,1,5,5488.0
d0195a8,amoongus is ridiculously annoying competitively and ingame it s almost as if this pokemon was created to be despised spore is an 100  accurate move that puts you to sleep so that s annoying it has a boatload of other status effect moves to throw at you  but since it s a grasspoison type it ca nt be poisoned or spored itself it s bulky as hell and even if you do a chunk of damage to it regenerator lets it get a ton of its health back  synthesis if you re not careful also its main trait in the games are to fool you into thinking you re getting an item and then wrecking your team with statuses i seriously hate this thing,pokemon,gaming,2016-02-15 23:44:50+00:00,21.0,0.0,0,0,,124,625,21.0
d01htuc,ttar is best tar,pokemon,gaming,2016-02-16 03:34:29+00:00,1.0,0.0,613,2979,0.0,4,16,3593.0
d000fho,no disintegration,pokemon,gaming,2016-02-14 22:41:12+00:00,1.0,0.0,0,0,,2,17,1.0
d027erp,mr bonding,pokemon,gaming,2016-02-16 19:04:07+00:00,14.0,0.0,719,8175,0.0,2,10,8908.0
d01fz4f,inb4 it s to the clink line as diancie is to carbink,pokemon,gaming,2016-02-16 02:45:33+00:00,1.0,0.0,13,3603,0.0,12,52,3617.0
d017dkx,1645 are capable of mega evolution  35  of pokemon capable of megaevolving survived  14 are gen i  9  of gen i survived  8 are gen ii  8  of gen ii survived  8 are gen iii  6  of gen iii survived  8 are gen iv  7  of gen iv survived  4 are gen v  3  of gen v survived  3 are gen vi  4  of gen vi survived,pokemon,gaming,2016-02-15 22:58:14+00:00,20.0,0.0,0,0,,67,304,20.0
d02slf2,my guess is that magearna is a steelfairy or steelpsychic  hard to say about the moveset  but moonlight  draining kiss  and disarming voice come to mind  possibly gyro ball  psychic  rollout  and light screenreflect  ability wise  if it does nt have a signature ability  or new one   my guess is serene grace,pokemon,gaming,2016-02-17 03:38:47+00:00,2.0,0.0,33,748,0.0,52,308,783.0
d024fsg,the problem i have with hgss s gb sounds is that you have to basically beat the entire game to get it  so instead of going through the whole game with original music you basically have to sit through with new music and then at the veeeeeeery end you get the gameboy sounds  would have been better if they had given you the item earlier in the game or just skip the item and make it an option in the sound settings,pokemon,gaming,2016-02-16 17:57:08+00:00,9.0,0.0,1,1100,0.0,82,413,1110.0
d01vo7x,i m trying to raise my flag rank in or but i m having quite a bit of an issue with it  any ideas to gather flags more quickly  also  does raising your rank affect the kind of stones that the trainers will pick up  before i became silver rank i always got a lot of everstones  occasionally i got the others  dusk  fire  water  leaf  thunder  etc   since the raise in rank  it seems that they rarely give me everstones  i m not complaining  i m just wondering,pokemon,gaming,2016-02-16 14:08:49+00:00,1.0,0.0,0,0,,89,457,1.0
d02ri18,i m actually excited for the xyz theme song  you can hear parts of in the trailer,pokemon,gaming,2016-02-17 03:08:37+00:00,1.0,0.0,1,76,0.0,17,81,78.0
d00wml1,i liked the team with kangaskhan in it,pokemon,gaming,2016-02-15 18:37:15+00:00,42.0,0.0,78,3179,0.0,8,38,3299.0
d01ecip,he s a little fatty,pokemon,gaming,2016-02-16 02:03:01+00:00,2.0,0.0,0,0,,5,19,2.0
d02tsyp,right now i m looking for an immunity gligar that s impossible to find,pokemon,gaming,2016-02-17 04:13:20+00:00,2.0,0.0,1,3831,0.0,14,70,3834.0
d02ix8t,i loved the oras soundtrack  especially the new songs it added,pokemon,gaming,2016-02-16 23:26:44+00:00,5.0,0.0,0,0,,11,62,5.0
d02m6da,did anyone else read that in danny devito s voice,pokemon,gaming,2016-02-17 00:51:36+00:00,19.0,0.0,40,5618,0.0,10,49,5677.0
d00xhjh,this is brilliant  have you thought of selling these,pokemon,gaming,2016-02-15 18:57:34+00:00,1.0,0.0,7198,15978,0.0,9,52,23177.0
d022307,howww,pokemon,gaming,2016-02-16 17:02:55+00:00,1.0,0.0,1,2891,0.0,1,5,2893.0
d00tjx8,fucking dragonite it goes from pink dragonair to god damn incredible hulk puke green seriously,pokemon,gaming,2016-02-15 17:23:12+00:00,15.0,0.0,0,0,,15,94,15.0
d016m84,great wallpaper for a phonetablet http  iimgurcomxjkheygjpg,pokemon,gaming,2016-02-15 22:38:55+00:00,3.0,0.0,0,0,,7,59,3.0
d0263jr,i never left it honestly,pokemon,gaming,2016-02-16 18:34:41+00:00,22.0,0.0,1798,8237,0.0,5,24,10057.0
d01mpwq,gt  woah check out this extremely on time and early in the day valentines post wow can you believe it you guys gt  tagged  pokemon  pok  mon  sylveon  drawin  basically the mona lisa  wow okay    source    http  robosylveontumblrcompost139343192202woahcheckoutthisextremelyontimeandearlyin,pokemon,gaming,2016-02-16 06:08:43+00:00,4.0,0.0,27630,15499,0.0,38,289,43133.0
d01pz3w,do they ship to the states  edit  jk  read all the post it s late,pokemon,gaming,2016-02-16 08:51:43+00:00,1.0,0.0,152,7523,0.0,15,65,7676.0
d02hc0s,i want one i want one very  very much,pokemon,gaming,2016-02-16 22:46:51+00:00,1.0,0.0,2276,223,0.0,9,37,2500.0
d00u47h,fantastic  it s simple and gorgeous,pokemon,gaming,2016-02-15 17:36:58+00:00,9.0,0.0,118,2681,1.0,6,35,2808.0
d01cntl,i can not forgive you all for what you did to my favorite,pokemon,gaming,2016-02-16 01:18:54+00:00,3.0,0.0,0,0,,13,57,3.0
d02gfho,yeaah  looking forward to it  we should commend how quickly they dub the anime  some animes take like 12 years just to get dubbed,pokemon,gaming,2016-02-16 22:25:18+00:00,10.0,0.0,1205,23426,0.0,24,129,24641.0
d01jv14,the original gen 1 box arts are still my favorites i m a huge fan of the older pokemon art style and use of water colors they were less round and cartoony mad more rugged and earthy  i do nt know if that s an accurate description but it s the best my limited vocabulary could come up with   i also like how they used starters for the covers it was kind of like showing off what your hard work and devotion will earn you without spoiling much i m sure most people like use of legendaries now but i feel like it kills some of the mystery and excitement when they plaster what is essentially your endgame right on the cover instead of getting your mind blown by discovering this badass mysterious pokemon  you re just expecting it from the get go granted  there are more than two legendaries in the games but why spoil any of it,pokemon,gaming,2016-02-16 04:30:39+00:00,5.0,0.0,389,1467,0.0,159,825,1861.0
d01bt0l,is there a website where i can go to look at the movesetsevivs  i m not familiar to pokemon so i do nt know where i could find it,pokemon,gaming,2016-02-16 00:56:32+00:00,1.0,0.0,5377,7131,0.0,29,129,12509.0
d01u9x7,while these look very nice   200 is very steep i realize you re trying to market them as luxury but there s nothing much different with these than other badges available,pokemon,gaming,2016-02-16 13:14:48+00:00,11.0,0.0,3712,2947,0.0,31,169,6670.0
d012rw5,oh how i want smeargle to be banned to get diverse teams again,pokemon,gaming,2016-02-15 21:03:49+00:00,2.0,0.0,49,2072,0.0,13,62,2123.0
d01qh6s,so  i m guessing that we wo nt be able to transfer from the virtual console redblueyellow to pokebankany other games,pokemon,gaming,2016-02-16 09:24:06+00:00,0.0,0.0,10809,38930,0.0,21,116,49739.0
d0258jc,want,pokemon,gaming,2016-02-16 18:15:18+00:00,3.0,0.0,0,0,,1,4,3.0
d0290pj,i like to bury my face in the fur around tauros s neck and take a big whiff of its scent  pokemon trainer in xy,pokemon,gaming,2016-02-16 19:40:17+00:00,61.0,0.0,1,885,0.0,25,111,947.0
d02p76r,the trainer who likes to shove his in face in bouffalants fur and sniff it,pokemon,gaming,2016-02-17 02:08:27+00:00,1.0,0.0,87,1163,0.0,15,74,1251.0
d00yxej,squidward mew,pokemon,gaming,2016-02-15 19:31:40+00:00,11.0,0.0,0,0,,2,13,11.0
d0259oj,i would nt start with anything from before gen iv because of the physicalspecial split maybe platinum  or bw1,pokemon,gaming,2016-02-16 18:16:01+00:00,2.0,0.0,0,0,,19,109,2.0
d02bd1e,youngster joey  that kid has no friends except for you,pokemon,gaming,2016-02-16 20:32:03+00:00,9.0,0.0,14,8640,0.0,10,54,8663.0
d02jq87,have we seen zygarde complete in the pose shown at 20 seconds in  right before the cut to greninja  before  it looks like he s unleashing his hidden power we ve heard so much about,pokemon,gaming,2016-02-16 23:48:03+00:00,2.0,0.0,324,6043,0.0,35,180,6369.0
d01shqy,as much as i love silver  i think my favorite box has to be crystal specifically the japanese crystal i love the explosion of color on suicune and the background  as the watercolor really sticks out someone should make a tshirt out of  oh wait  already done   http  wwwverycoolshirtzcomproductthecrystaltee,pokemon,gaming,2016-02-16 11:41:57+00:00,2.0,0.0,109,1572,0.0,49,306,1683.0
d00yl4v,gengar is my fav so awesome,pokemon,gaming,2016-02-15 19:23:36+00:00,3.0,0.0,1,2,0.0,6,27,6.0
d011nzb,you know  like in zelda also i have no idea what is going on in this picture or what it says   source   http  kannnutumblrcom,pokemon,gaming,2016-02-15 20:37:36+00:00,9.0,0.0,3996,23197,0.0,24,125,27202.0
d024uyz,oh crap he s almost done,pokemon,gaming,2016-02-16 18:06:45+00:00,8.0,0.0,546,1037,0.0,6,24,1591.0
d02a5pa,xy  i loved how the starters looked that and yvetal looked amazing i could nt take blackwhite seriously  and pokemon like trubbish made the game look  well  like rubbish,pokemon,gaming,2016-02-16 20:05:32+00:00,-1.0,0.0,1,792,0.0,29,169,792.0
d010j3t,the meta is pretty stablized too isnt it  wow that is really bad  only 1 and a half  i would consider team 5 different enough  teams are different since online patching is a thing  why doesnt nintendo try to balance the stats to promote a more healthy metagame,pokemon,gaming,2016-02-15 20:10:22+00:00,1.0,0.0,1,1401,0.0,48,260,1403.0
d0191ej,kanto dragonair johto totodile hoenn banette sinnoh lucario unova zorua kalos pancham cosplay pikachu if it counts,pokemon,gaming,2016-02-15 23:41:55+00:00,2.0,0.0,0,0,,17,114,2.0
d01ci5b,our we still doing phrasing,pokemon,gaming,2016-02-16 01:14:52+00:00,6.0,0.0,1,184,0.0,5,27,191.0
d02b25v,i m torn between gen 45  but 5 has the better mons  my favorite of which is golurk might as well do the other generations  kanto  tentacruel johto  lanturn hoenn  manectric sinnoh  gliscor unova  golurk kalos  malamar,pokemon,gaming,2016-02-16 20:25:36+00:00,1.0,0.0,1,1390,0.0,37,217,1392.0
d02eq7k,that is friggen adorable,pokemon,gaming,2016-02-16 21:46:24+00:00,2.0,0.0,188,816,0.0,4,24,1006.0
d0299jl,i want to see what pokemon go actually looks like,pokemon,gaming,2016-02-16 19:45:44+00:00,7.0,0.0,1,885,0.0,10,49,893.0
d02ezpq,mainly for confirmation  on my pearl version  i still have 3 boxes filled with pokemon i want to put in my y and omega version to do that  all i d need is a blackwhite2 version and use the pokebank  right  and i still have a cloned kyogre from the original sapphire  would that one make it inside the pokebank as well,pokemon,gaming,2016-02-16 21:52:03+00:00,1.0,0.0,1,2,0.0,62,317,4.0
d02kvy8,going to z before the game even drops  hmm,pokemon,gaming,2016-02-17 00:19:08+00:00,3.0,0.0,7106,19728,0.0,9,42,26837.0
d029oem,what did totodile do with kangaskhan s baby   d  anyways  nice job   d,pokemon,gaming,2016-02-16 19:54:54+00:00,4.0,0.0,14697,14555,0.0,13,70,29256.0
d02weur,sorry i ca nt be more help but it was all money related i never   really   left and now thanks to fan games and hacks and showdown  i never will again  most likely,pokemon,gaming,2016-02-17 05:36:16+00:00,1.0,0.0,2399,16725,0.0,33,163,19125.0
d01t57y,shuckle really frustrating to beat and really frustrating to use,pokemon,gaming,2016-02-16 12:20:05+00:00,3.0,0.0,1,35,0.0,10,64,39.0
432p7d,some people still have trouble reading  so i m going to make it really obvious  p   no code begging  will get you a temporary ban      no code begging  will get you a temporary ban      no code begging  will get you a temporary ban    see someone code begging  report the post    this thread is for giving away event codes for   mew        how to make do a giveaway     1 state the region of your code and the amount of codes you have for example   i ve got 2 codes for na to give away     code begging is not allowed    it will get you a temporary ban  2 share codes through pm messages  as this will ensure that the other user receives their code  3 when you ve given away your code  s   please edit your comment to make this clear to other users   to make browsing of this thread easier  you can    sort comments on new first   https  wwwredditcomrpokemoncomments432p7dlegendary_distribution_megathread_mew  sort  new     this thread is   only for giving away codes   for this specific pok  mon  so be sure to comment only about that any other comments will be removed obviously  breaking reddiquette or our subreddit rules will also result in removal   no trading allowed   this legendary distribution runs from february 1 till february 24 after that  a new megathread will be made for the next distribution although it seems both celebi and jirachi will be distributed through nintendo network,pokemon,gaming,2016-01-28 10:07:06+00:00,251.0,0.0,10022,14840,0.0,236,1398,25113.0
463bq7,i ve been looking into a lot about pokemon go and have had some good conversations on how my friends think that the game will be handled will there be fishing for water pokemon  will there be gym leaders of some sort  either real people  or characters waiting in some football stadium somewhere   could and elite four exist that can battle throughout the world instead of p2p will there be a team rocket  and even worse  can we lose our pokemon to them   how difficult will it be to catch some of the rarer pokemon and where might they be found  so  lets discuss,pokemon,gaming,2016-02-16 16:52:15+00:00,13.0,0.0,41785,4373,0.0,104,562,46171.0
d016fqh,ralts and its entire line  i loved ralts when i first played ruby way back when it was cute  and gardevoir was great  but i have hated ralts ever since oras came out i always associate ralts with wally  and wally drives me up the f    ing wall in oras he s annoying  and i get it  he s a shy kid  but seriously i ca nt stand him,pokemon,gaming,2016-02-15 22:34:19+00:00,1.0,0.0,0,0,,69,328,1.0
d02iqxp,come on gengar,pokemon,gaming,2016-02-16 23:22:11+00:00,3.0,0.0,296,12157,0.0,3,14,12456.0
d02gtl4,these are amazing,pokemon,gaming,2016-02-16 22:34:32+00:00,1.0,0.0,0,0,,3,17,1.0
d00n038,idk about you  but  mahgearna  just sounds wrong i ll just call it  mahgiarna   sounds so much better,pokemon,gaming,2016-02-15 14:18:42+00:00,-1.0,0.0,1,1390,0.0,18,101,1390.0
czzq3xl,gt  http  wwwsmogoncomdexxypokemonwobbuffet gt  bulky death fodder yep  sounds like boba fett,pokemon,gaming,2016-02-14 17:47:03+00:00,98.0,0.0,8379,95769,0.0,12,93,104246.0
d00qbmy,if you plan on doing more you should get a better camera  find someone with a better camera  there s a lot of visible noise,pokemon,gaming,2016-02-15 16:00:30+00:00,-7.0,0.0,15,5907,0.0,25,123,5915.0
d00pho7,oh man  this just made my day thank you for existing  i need to find a girl like this asap,pokemon,gaming,2016-02-15 15:37:34+00:00,2.0,0.0,0,0,,20,90,2.0
d00vjhc,hey there  here s my freshly made facebook page feel free to drop a like or do nt you do you  https  wwwfacebookcomdaniskyecosplay twitter   dani_skye,pokemon,gaming,2016-02-15 18:11:12+00:00,8.0,0.0,0,0,,25,150,8.0
d01wodp,very nice  not sexualized cosplay with random shit thrown in good on ya,pokemon,gaming,2016-02-16 14:42:08+00:00,70.0,0.0,468,5949,0.0,13,71,6487.0
d021xq9,i like then gen 1 art  old school sugimori artwork looks nice,pokemon,gaming,2016-02-16 16:59:23+00:00,6.0,0.0,126,1275,0.0,12,61,1407.0
d023x89,ah yes shiny gyarados  i remember when i was playing pokemon silver for the first time and ran into it my little child brain had watched the anime so it thought that you were nt supposed to catch it so i had my feraligatr beat it up  good times good times,pokemon,gaming,2016-02-16 17:45:26+00:00,6.0,0.0,469,817,0.0,51,255,1292.0
d02lrhe,shedinja is the scariest thing ever irl once you read the dex,pokemon,gaming,2016-02-17 00:41:02+00:00,4.0,0.0,2676,2748,0.0,12,61,5428.0
d00tjlr,wowie  is nt competitive pokemon fun and diverse,pokemon,gaming,2016-02-15 17:22:59+00:00,125.0,0.0,4460,14685,0.0,8,48,19270.0
d02sij3,encountering a shiny while playing through the games really gets me pumped,pokemon,gaming,2016-02-17 03:36:29+00:00,1.0,0.0,161,36,0.0,12,74,198.0
d028uri,pearl that was when it got serious and i learned about the deeper mechanics of the game,pokemon,gaming,2016-02-16 19:36:39+00:00,1.0,0.0,3559,33749,0.0,17,87,37309.0
d01840m,i do nt get involved in the meta  so mine is ingame only  kingdra  prefairy type it only had one weakness  other dragons and more often than not  when it appears in fights  it was given moves that make it impossible to hit i wanted juan to be in oras solely for the satisfaction of wiping his kingdra s smug  double teaming ass with a single  well placed moonblast  but i was nt given the chance,pokemon,gaming,2016-02-15 23:17:20+00:00,3.0,0.0,375,4956,0.0,76,395,5334.0
d00xwt4,runbgbbiivchidctiicbg,pokemon,gaming,2016-02-15 19:07:34+00:00,33.0,0.0,0,0,,1,21,33.0
d01mx67,pokemon silver due to the retro sugimori artwork  lugia s design and the glossy silver,pokemon,gaming,2016-02-16 06:16:42+00:00,3.0,0.0,1,2946,0.0,15,86,2950.0
d02ot7l,we ve just had this discussion  but  poison damage in the overworld  and fainting from it is my  1 wish,pokemon,gaming,2016-02-17 01:58:43+00:00,1.0,0.0,5302,100514,0.0,20,103,105817.0
d02i08u,imanukani  i think his name was that dude was weird,pokemon,gaming,2016-02-16 23:03:18+00:00,4.0,0.0,1,33,0.0,10,51,38.0
d024ecl,good cosplay  i like how you did a good job at pulling off the look without going overboard,pokemon,gaming,2016-02-16 17:56:13+00:00,2.0,0.0,4897,9286,0.0,18,91,14185.0
d02by7q,in sunyshore gym  there s a kid in a pikachu costume their prebattle speech is  look at the way i m dressed  ca nt you see that i m hardcore    http  iimgurcomoe4zvrtpng,pokemon,gaming,2016-02-16 20:44:44+00:00,26.0,0.0,1834,25993,0.0,32,169,27853.0
d020p02,thunder waving intensifies,pokemon,gaming,2016-02-16 16:30:02+00:00,9.0,0.0,2196,6190,0.0,3,26,8395.0
d02tp1u,it really is nt a feature i miss  but a gameplay aspect i m starting to notice  i miss how gym leaders could use a different number of pok  mon ever since black and white came out  the first two gym leaders use 2 pok  mon while the rest of them use 3 the other regions had some variety  in kanto for example  brock and misty use 2  lt surge uses 3 or 1 depending on the version  erika  sabrina  and blaine use 3  koga uses 4  and giovanni uses 5   elite four using 4 pok  mon is also something i do nt like i know oras is nt guilty of this but i think z will  i also miss the level variations the gym leaders  elite four  champion  and other bosses had i m sure many have noticed how the lead pok  mon is at the same level as every other pok  mon that the boss uses except for the ace  the lead pok  mon is always 2 levels less than the ace   it s just making the games a bit more predictable,pokemon,gaming,2016-02-17 04:10:11+00:00,1.0,0.0,8,1909,0.0,184,892,1918.0
d014r8u,garchomp any other colour will do just not literally the same colour why,pokemon,gaming,2016-02-15 21:52:08+00:00,2.0,0.0,1,74,0.0,13,72,77.0
d02tmxo,i always plan out a team early on and then slowly build it never switching out and by the end of the game battling the elite four is always such a thrill seeing my friends that have battled all the way to this point fighting at their max capability is amazing and then to beat the champion and walk up to the hall of fame very little comes close to that,pokemon,gaming,2016-02-17 04:08:29+00:00,1.0,0.0,1,3039,0.0,71,353,3041.0
d02f6vh,all aboard the ss nessie  all aboard the ss nessie,pokemon,gaming,2016-02-16 21:56:30+00:00,4.0,0.0,0,0,,10,50,4.0
d028apr,awesome  i love the flowers in your hair,pokemon,gaming,2016-02-16 19:24:12+00:00,8.0,0.0,7,11,0.0,8,40,26.0
d02vkra,honestly this trailer was less harsh than i thought since the dp trailer was already harsh enough  before watching  i thought all this video was going to be was all  introducing the generation that ruined the pokemon name and everyone s childhood  because there s gears  ice cream  candles  and garbage and we ca nt use actual good designs,pokemon,gaming,2016-02-17 05:07:40+00:00,1.0,0.0,18,106,0.0,59,339,125.0
d02dgap,i found a thread on this subreddit  i knew some newer generations were out but i had fallen outtaken a break  however you want to say it a brief conversation in a thread made me recharge my old ds and hunt for my copy of diamond i was using as my storage i saw all my old pokemon both leveled and not still there  waiting for me what really did it though was seeing my old blastoise  my original starter from pok  mon blue he changed a little since i started him over in leaf green  but he was still there i made the decision right then to get a 3ds and return   so here i sit at work  thinking about my old blastoise with my 3ds and my as marshtomp happily in my bag waiting for work to slow down so i can make the final adjustments to my team and make my way to the elite 4 for the first time in several years  edit  formatting and spelling,pokemon,gaming,2016-02-16 21:18:18+00:00,1.0,0.0,0,0,,170,842,1.0
d01j4qc,what s the song at around the 18  50 mark in pokemon xyamp  z 11  it s really sweet and i would love to hear the full version,pokemon,gaming,2016-02-16 04:09:52+00:00,1.0,0.0,526,13497,0.0,28,125,14024.0
d02rm5b,sounds like ben dixon s singing the theme song again but i m not complaining,pokemon,gaming,2016-02-17 03:11:44+00:00,1.0,0.0,1,56,0.0,15,76,58.0
d01xnua,i m playing black version and i m trying to ev train this is my first time ev training and i think i ve done something horribly wrong i did look up how it works  but i guess i misunderstood something  pokemon give points towards evs  i m training against watchog and tranquill  so 2 points for each pokemon  and ducklett  which is 1 point each  and evs are divided by four to make the stat go up  macho brace doubles the ev points gained  i wrote this all down as i went  keeping a tally  so i knew exactly what was going on can someone tell me where  exactly  i went wrong  i gave my ferroseed 1 protein  10 muscle wings that s 5 attack ev  right  ferroseed is holding macho brace it defeated twelve ducklett and eight tranquillwatchog with macho brace  that s 6 hp ev  and 8 attack ev  so when ferroseed leveled up  just now   it should have got 13 attack and 6 hp  at least  not accounting for ivs  but it got 2 attack and 2 hp did i just waste four hours chasing down wings and fighting pokemon  what went wrong  why did nt it work,pokemon,gaming,2016-02-16 15:11:30+00:00,1.0,0.0,3,2428,0.0,202,1035,2432.0
d021g1w,we all know z is coming in one form or another however we do nt know if we ll be getting a seventh generation yet if they made it for new 3ds only it would help sales dramatically,pokemon,gaming,2016-02-16 16:47:53+00:00,0.0,0.0,4196,184776,0.0,38,179,188972.0
d02p8um,those awkward teenage years where you re a slobbering mess  gloom,pokemon,gaming,2016-02-17 02:09:42+00:00,1.0,0.0,128,20620,1.0,11,65,20749.0
d0179ev,this is why fuck vgc,pokemon,gaming,2016-02-15 22:55:18+00:00,1.0,0.0,0,0,,5,20,1.0
d02izvs,i guess i ll be the person to bring up the apparent lesbian girls on the shipwreck in oras i ca nt believe they got away with some of that dialogue in game you go into a closed room and there are two girls and one of them just blushes if you try to speak to her  edit  not saying this is a bad thing or anything anti gay i am a gay rights supporter this was just very out of left field and an unusual circumstance for this series,pokemon,gaming,2016-02-16 23:28:34+00:00,-2.0,0.0,294,3622,0.0,90,429,3914.0
d00dsmu,rosie from the jetsons,pokemon,gaming,2016-02-15 05:46:56+00:00,17.0,0.0,23820,4953,0.0,4,22,28790.0
d02v49y,someone play the kingdom hearts theme softly,pokemon,gaming,2016-02-17 04:53:07+00:00,1.0,0.0,3,233,0.0,7,44,237.0
d0296vs,i thought you looked familiar   http  imgurcomsdkchrs  really great cosplay,pokemon,gaming,2016-02-16 19:44:05+00:00,30.0,0.0,1,3990,0.0,10,75,4021.0
d02sltl,shortly after getting heartgold and soulsilver i stopped playing  never actually beat it before i stopped   then about 1 year before black and white 2 released i got a 3ds and found about black and white  i bought it on a whim and quickly beat the game then did nt touch pokemon until black and white 2 that was right when all my friends got back into pokemon  they all stopped after diamond and pearl  and we started battling and trading almost everyday,pokemon,gaming,2016-02-17 03:39:05+00:00,1.0,0.0,0,0,,83,454,1.0
d015ran,you re beautiful,pokemon,gaming,2016-02-15 22:17:14+00:00,0.0,0.0,0,0,,3,16,0.0
d01ends,the  obey  thing seems really out of place  as much as i love flareon but i love this  super nice job on the flames,pokemon,gaming,2016-02-16 02:10:37+00:00,5.0,0.0,1120,16594,0.0,24,115,17719.0
d015n7f,no  what did you do to mew s cuteness    great work though,pokemon,gaming,2016-02-15 22:14:21+00:00,3.0,0.0,1602,1464,0.0,12,58,3069.0
d01f4b7,so there are 45 pok  mon remainingan odd number what ll we do about that,pokemon,gaming,2016-02-16 02:23:02+00:00,4.0,0.0,0,0,,15,72,4.0
d01ofme,welp glad this was the year i got too busy for comp sigh  i miss 2014 s meta heck  even 2015 s meta had room for more eccentric teams but this year  bleurgh,pokemon,gaming,2016-02-16 07:24:39+00:00,1.0,0.0,0,0,,33,156,1.0
d0145o8,it looks like the two ear appendages could possibly double as her dress and complete the pokeball sphere,pokemon,gaming,2016-02-15 21:37:42+00:00,1.0,0.0,13485,3030,0.0,18,104,16516.0
d02u6cg,holy shit man tenouttaten,pokemon,gaming,2016-02-17 04:24:18+00:00,1.0,0.0,3380,5889,0.0,4,25,9270.0
d020k9w,ahhh  was this at katsucon this past weekend  i ca nt believe i did nt see you  you look amazing,pokemon,gaming,2016-02-16 16:26:54+00:00,6.0,0.0,252,26,0.0,20,96,284.0
d02r2fc,it s magearna,pokemon,gaming,2016-02-17 02:56:57+00:00,1.0,0.0,1,793,0.0,3,13,795.0
d01ld41,gen i and lickitung,pokemon,gaming,2016-02-16 05:18:53+00:00,1.0,0.0,0,0,,4,19,1.0
d02ll8r,tpc is getting even more draconian,pokemon,gaming,2016-02-17 00:36:47+00:00,29.0,0.0,7268,32377,0.0,6,34,39674.0
